2257	Missing: Not provided
1111	NA
776	missing
534	0
363	not applicable
222	3.49 mg/kg
211	0.580599275218571
187	NOT APPLICABLE
180	Missing: Not Provided
171	0.000290299637609
142	0.51608824463873
128	not collected
120	1.04830424692242
118	0.816064536834992
104	1.00637207704552
85	0.99185709516506
81	Not applicable
79	0.000306427395254
79	0.482219953584313
79	0.846707276360417
78	0.05
76	0.00806387882248
76	0.001612775764496
74	0.001370859399822
69	Missing:Not provided
69	0.01612775764496
68	0.01
67	1.0160487316325
67	0.661238063443373
67	0.645110305798413
67	5
65	0 µM
65	0.03
64	0.02
61	0.338682910544167
60	0.557617220574503
59	0.783809021545071
59	1.08055976221234
57	0.548343759928651
57	0.464479420174857
56	0.919282185762738
56	0.709621336378254
55	1.12249193208924
53	#N/A
53	0.935409943407698
53	0.53221600228369
52	0.04
52	1.20958182337202
51	0.001451498188046
51	0.764455712371119
50	0.343521237837655
49	0.575760947925083
47	1.07088310762537
47	0.564471517573611
47	0.051608824463873
46	0.790260124603056
46	0.325764576670553
45	0.387066183479048
44	0.471172439597516
44	1.14507079279218
43	1.07575369043414
43	0.005
42	0.1
41	1.69502732848533
41	0.082251563989298
41	0.222563055500452
40	0.06
40	1.00314652551653
40	0.211580052544234
40	#N/B
39	3.32231807486183
39	0.787034573074063
38	0.07
38	0.330619031721686
37	0.045157721405889
37	0.383840631950056
37	0.022578860702945
37	0.014514981880464
36	1.98048863880113
36	0.628982548153452
36	no nitrate
36	1.25796509630691
36	50 ppm as N
36	1.57729469767712
35	0.758004609313135
34	0.658012511914381
34	0.691880802968798
34	1.27248007818737
34	0.567697069102603
34	0.235465261616421
34	5.9151776714421
33	1.50955811556829
32	['0.02 mg/L', '6 mg/L']
32	0.08
32	0 mg/L
32	1.41924267275651
31	1.08217253797684
31	0.001774053340946
31	0.912831082704754
31	0.519313796167722
30	0.002096608493845
30	0.001935330917395
29	0.335457359015175
28	0.854771155182897
27	0.651561408856397
27	1.7901810985906
27	1.94500757198221
27	0.48383272934881
27	1.24183733866194
27	0.006451103057984
27	0.943135139319634
26	0.484848778080442
26	0.002741718799643
26	0.09
26	1
25	1.27086730242287
25	0.252947750903558
25	0.406419492653
25	0.14
25	0.504943964106063
24	&lt; 0,5
24	4.00352230226966
24	0.451577214058889
24	0.419321698768968
24	0.012902206115968
23	0.917669409998242
22	15
22	0.17
22	2.91912413373782
22	0.316104049841222
21	0.11
20	0.859609482476385
20	0.71
20	0.13
19	29
19	1.4224682242855
18	0.39
18	3.22555152899206
18	0 μM
18	0.21
17	0.24
17	0mg/kg
17	0.2
16	0.4
16	0.16
16	27
16	1.64503127978595
16	0.19
16	0.51
15	6.13009616981884
15	0.15
15	&lt;1 mg/L
14	0.54
14	0.06 uM
14	68
14	0.62
14	19
13	0.31
13	0.41
13	0.23
13	0.29
12	0.28
12	7
12	0.57
12	2.625485 mM
12	0.12
12	28.74
12	0.9
12	1.61
12	-
12	0.18
12	8.63
11	2.2740138279394
11	63
11	53
11	7.88
11	1.26
11	0.32
11	61
11	24
11	0.46
11	26
11	32.95
11	11.08
11	0.55
11	0.25
11	32
11	14
11	1.1
10	0.33
10	36
10	0mM
10	0.568
10	37.68
10	55
10	31
10	0.59
10	17
10	46
10	0.02 uM
10	40.62
10	4
10	6 mg /L
10	0.00 uM
10	39
9	44
9	1.2
9	0.36
9	0.98
9	60
9	35714
9	2
9	64
9	14.2
9	1.4
9	0.72
9	9.0mM
9	0.35
9	12
9	0.89
9	1.045
9	34
9	4.7
9	0.27
9	3.597
9	77
9	0.53
9	35
9	0.054
9	2.766495 mM
9	6
9	76
8	0.22
8	&lt;0.8 uM
8	1 mg/l
8	0.58
8	2.69599 mM
8	12.64
8	0.001290220611597
8	4.008372093
8	0.047
8	&lt;0.03 (below detection)
8	0.5
8	5.81744186
8	54
8	0.3 mg/l
8	2.41397 mM
8	20
8	0.8 mg/l
8	0.26
8	0.79
8	28
8	0.085
8	13.25
8	0.43
8	3
8	2.02
8	1.6
8	40
8	0.63
7	0.6
7	1.03
7	1.3
7	0.4 mg/l
7	1.7 mg/l
7	0.05 uM
7	0.47
7	0.76
7	0.91
7	0.3
7	3.8 mg/kg
7	2.9
7	0.055
7	0.61
7	16
7	0.52
7	1.15
7	0.072 µM
7	0.87
7	0.5 mg/l
7	0.023776036
7	8
7	9.5
7	0.48
7	0.64
7	9
7	0.44
7	0.7 mg/l
6	control
6	1.68
6	11.21microMolePerLiter
6	6.321957731
6	0.78
6	under detection limit
6	4.6
6	1.886885497
6	59
6	2.149208179
6	1.941281936
6	0.38
6	17.6 mg/L
6	1.52
6	0.34
6	1.983586359
6	1.21
6	2.760295582
6	1.438234867
6	1.967933723
6	2.135459241
6	1.7
6	1.31
6	2.484475 mM
6	3.84
6	2.837 mM
6	0.08microMolePerLiter
6	0.045
6	0.07 uM
6	0.1microMolePerLiter
6	2.143179799
6	1.872396232
6	0.1 mg/l
6	1.53
6	13.2microMolePerLiter
6	4.46627907
6	0.15microMolePerLiter
6	0.92
6	2.524518926
6	2 h
6	1.538974073
6	14.68microMolePerLiter
6	2.021977624
6	1.2 mg/l
6	9.53microMolePerLiter
6	2.258318339
6	2.217177287
6	1.09
6	2.55498 mM
6	2.4
6	7.6
6	0.09microMolePerLiter
6	0.870898912827857
6	2.907505 mM
6	0 h
5	1.54
5	1.736140734
5	1.66
5	7.78
5	0.231
5	0.052
5	2.2
5	15.2
5	1.37
5	0.0835483870967742
5	0.063
5	0.056451612903225805
5	1.83
5	11.8 mg/L
5	2.97801 mM
5	1.41
5	2.63
5	2.688237047
5	0.81
5	0.035
5	0.002
5	1.62
5	0.043
5	3.7
5	1.01
5	0.049
5	9.05
5	0.26 mg/L
5	13
5	0.65
5	0.2 mg/l
5	33
5	2.8
5	0.021
5	0.9 mg/l
5	0.67
5	1.39
5	2.213953488
5	9.25
5	5.1
5	1.623 µM
5	0.37
5	1.92
5	0.02 mg/L
5	0.071
5	1.8
5	10
5	0.08 uM
5	1.3 mg/l
4	1.758421063
4	1.827976587
4	40mg/L
4	3.75
4	8.32
4	1.915017939
4	5.08 mg.L-1
4	0.6 mg/l
4	1.06
4	Below the deteciton limit (2 microM)
4	N/A
4	1.8625252
4	1.835379861
4	2.16
4	0.765
4	0.73
4	1.97 mg/l
4	0.268
4	199
4	0.056
4	2.3
4	0.252
4	16.2
4	21.3
4	16.5
4	1.44
4	5.24
4	3.06
4	1.14
4	0.45
4	2.025
4	1.806119301
4	1.22
4	2.09
4	1.35
4	15.3
4	0.072
4	0.31 µmol/dm3
4	3.048515 mM
4	1.64
4	0.01 uM
4	0.74
4	2.12
4	0.205
4	2.42
4	8.56
4	2.668600743
4	1.775307579
4	0.95
4	2.7
4	2.521698631
4	31.87 micro molar
4	2.85093281
4	2.343465 mM
4	1.393089665
4	2.85
4	100mg/L
4	1.11
4	1.889600031
4	0.046
4	0.27 uM
4	2.71
4	161.5
4	0.015
4	1.9 mg/kg
4	0.69
4	2.660915439
4	4.743 µM
4	0.001 mg/L
4	&lt;0.8 micromole per liter
4	2.176917577
4	1.82 uM
4	0.10 uM
4	0.9 mg/kg
4	0 mg/l
4	0.26 µmol/dm3
4	7.68
4	5.741 µM
4	7.395
4	2.35
4	0.849 µM
4	1.927920788
4	20.4
4	0.66
4	1.24
4	1.84
4	0.087
4	16.13
4	2.58
4	1.709911991
4	150mg/L
4	1.59 mg/l
4	0.82
4	0.092
4	1.85
4	0.004
4	1.15 mg/l
4	200mg/L
4	12.7 mg/kg
4	4.04
4	0.003 uM
4	0.56
4	3.785
4	4.2
4	0.07225806451612904
4	0.097
4	5.7 mg/kg
4	0.05870967741935484
4	0.7
4	1.776999756
4	2.086597632
4	7.04
4	bdl
4	4.85
4	8.04
4	1.916666667
4	1.65
4	19.76 µmol/dm3
4	1.08
4	55.3 micromolar
4	756.69
4	1.18
3	10.21
3	2.24
3	0.62 mg/l
3	0.228
3	39.813
3	25.949
3	1.23
3	0.15 mg/L
3	0.86
3	11.94
3	14.6
3	867.27
3	865.01
3	0.05 mg/L
3	0.027894567
3	2.061445 mM
3	1.436
3	0.559
3	0.8 ppm
3	0.8
3	1.43
3	3.07 mg/l
3	15.5
3	7.8
3	0.55 mg/l
3	8.45
3	4.5 mg/kg
3	14.1
3	0.6 ppm
3	0.190697674
3	10.01
3	31.59 micro molar
3	21.8 mg/L
3	0.066
3	0.84
3	0.344 mM
3	0.81 mg/L
3	0.179
3	0.022612103
3	4.8
3	0.83
3	29.151
3	0 uM
3	2.202455 mM
3	3.29
3	3.53
3	32.27 micro molar
3	1.04
3	5.182
3	9.2
3	8.9
3	29.8 mg/L
3	1.9
3	0.184846437
3	9.4
3	15.6
3	11.7
3	1.05
3	0.09 mg/L
3	2.32
3	2.7121743
3	0.161
3	2.75
3	12.215
3	4.58
3	19.7
3	0.023
3	5.29
3	3.03
3	783.21
3	6.6 mg/L
3	12.6 mg/L
3	1.73
3	0.293
3	32.32 micro molar
3	745.76
3	0.051
3	13.3
3	8.905
3	10.7
3	7.53
3	0.027
3	3.91
3	3.4
3	23
3	3.8
3	10.2
3	12.8
3	11.165
3	37.9
3	1.57
3	0.99
3	21
3	63.2 mg/l
3	966.13
3	0.081
3	1.88
3	7.95
3	32.35 micro molar
3	0.074
3	0.0767741935483871
3	5.75
3	10.8 mg/L
3	2.5
3	1.5
3	71.4
3	32.52 micro molar
3	23.3E-6 mol/l
3	37.875
3	6.8 mg/L
3	1.365
3	5.06
3	8.8 mg/L
3	84.25 µmol/dm3
3	0.75
3	4.1 mg/L
3	3.189525 mM
3	32.84 micro molar
3	1.598 µM
3	2.23
3	3.94
3	74.4
3	1.1 mg/l
3	7.81
3	2.84
3	3.65
3	0.13 mg/L
3	8.85
3	91.9 mg/L
3	Missing: Not collected
3	0.50 mg/L
3	2.67
3	1.77
3	1.022
3	0.94
3	1.588
3	1.95
3	3.9
3	0,29
3	32.02 micro molar
3	0,22
3	0.57 mg/l
3	0.065
3	1.96
3	1.49
3	0.1 mg/L
3	0,02
3	5.6
3	0.63 mg/l
3	4.65
3	3.32
3	100000000000000000000000000
3	3.694 µM
3	5.9
3	800.59
3	19.2
3	1.43 mg/l
3	10.9
3	0.057
3	45.3 mg/L
3	0.42
3	86.1
3	1.373 µM
3	3.63
3	1.99
3	31.65 micro molar
3	20.6
3	31.76 micro molar
3	11.738
3	6.14
3	19.11
3	5.68
3	32.45 micro molar
2	26.48 µmol/dm3
2	27.1 (orig)
2	8.73
2	0.20255814
2	11.3
2	2.26 mg/l
2	6.55
2	1.86
2	101
2	27.1 microMolePerLiter
2	0.007
2	21.3 (orig)
2	0.11 mg/L
2	1.29
2	1.08 mg/l
2	1.99094 mM
2	21.81094
2	20.1 (orig)
2	2.39 mg/l
2	77.57 µmol/dm3
2	0.044
2	24.73mg/L
2	74.7
2	141
2	0.67 mg/L
2	1.81
2	1.32
2	25.58mg/L
2	12.08333333
2	11.2
2	0.107 mg/l
2	0.23744186
2	25mg/L
2	851.9
2	2.61 µmol/dm3
2	2.37
2	97.8
2	25.76mg/L
2	0.06548387096774194
2	4.1
2	0.269767442
2	0.403 uM
2	20.2 (orig)
2	28.3
2	65.4633 mg/L
2	28.6 micromoles per liter
2	33.51 micro molar
2	1.94
2	1.004
2	1.46mg/l
2	33.21 micro molar
2	optimal nitrate
2	1.95 mg/l
2	22.07
2	2.9 mg/l
2	73
2	0.07060195
2	0.0 µM
2	0.019
2	0.016 mM
2	448.5
2	63.84
2	1.5 mg/l
2	2.71 mg/l
2	16.6
2	3107.1
2	2.62
2	25.39mg/L
2	1.38 mg/l
2	10.02
2	5.65 mg/l
2	7.7
2	3.2
2	1.49 mg/l
2	3.74
2	0,06
2	34.15
2	72.84 µmol/dm3
2	32.12 micro molar
2	25.38mg/L
2	11.1
2	1.34
2	343.5
2	169.5
2	392
2	4.47 mg/l
2	1.497405 mM
2	8.1
2	32.08 micro molar
2	0.028
2	2.41
2	2.61
2	72.3
2	6.49 mg/l
2	0.80 mg/L
2	27.81 uM
2	2.37 mg/l
2	11
2	32.33 micro molar
2	27.06mg/L
2	0.123496894
2	0.3138709677419355
2	1.13
2	7.19
2	2.5 ppm
2	597.5
2	26.64mg/L
2	12.33333333
2	617.5
2	16.68
2	75.4
2	1.87
2	4.3
2	76.5
2	12.91 uM
2	3.76 mg/l
2	57.17 µmol/dm3
2	25.03mg/L
2	0.189
2	5.18
2	34.551 µM
2	2.96
2	53.96
2	3.7146 uM
2	7.583333333
2	31.57 micro molar
2	3.13
2	53.557 µM
2	2.063 µM
2	62.7114 mg/L
2	30.76 micro molar
2	24.71mg/L
2	1.21 mg/l
2	1.333333333
2	43.7555 mg/L
2	26.85 micromoles per liter
2	0.17372093
2	0.264494051
2	1.17 mg/l
2	8.833333333
2	12.65
2	4.57 mg/l
2	1.81 mg/l
2	125.3
2	0.008 ppm
2	1.98 mg/l
2	2.31 µmol/dm3
2	2.06 mg/l
2	1026
2	0.478
2	0.30 µmol/dm3
2	1.93 mg/l
2	7.38
2	179
2	0,11
2	0.022970236
2	4.9
2	0.408
2	458
2	9.8
2	0.401162791
2	unknown
2	2.11 mg/l
2	31.72 micro molar
2	38.39 µmol/dm3
2	2.1
2	5.53
2	9.6
2	7.493 µM
2	0.272
2	56.4527 mg/L
2	1.47 mg/l
2	2.166666667
2	6.24 mg/l
2	0.1 mg/kg
2	0.006
2	0,05
2	62.69 µmol/dm3
2	0.84 µmol/dm3
2	27.2 (orig)
2	70
2	5.8
2	18.58
2	31.82 micro molar
2	0.553
2	2.68
2	0.69 µmol/dm3
2	1.6 mg/l
2	1.07
2	31.49 micro molar
2	60.026129032258055
2	0.699 µM
2	40.3603 mg/L
2	0.03 mg/L
2	0.916666667
2	40.24 µmol/dm3
2	28.8 micro molar
2	81.4
2	0.064
2	0 µg/L
2	17.7 (orig)
2	2.27
2	0.575
2	1.4 mg/l
2	98.983673
2	0.233
2	77.2
2	32.13 micro molar
2	2.12 mg/l
2	0.014
2	0.583333333
2	6.54 mg/l
2	5.85
2	32.03 micro molar
2	35.20 µmol/dm3
2	0.429
2	1.55
2	0.925
2	31.26 micro molar
2	3.45 mg/l
2	22.8
2	31.93 micro molar
2	2.74 mg/l
2	28.62 micro molar
2	82.2
2	13 mg /L
2	low nitrate
2	0.19419354838709674
2	444.5
2	2.01
2	26.17mg/L
2	518
2	39.68 uM
2	76.2
2	139
2	77.6
2	4.51 µmol/dm3
2	31.74 micro molar
2	2.38 mg/l
2	3.27 mg/l
2	55.63645161290322
2	1.89 mg/l
2	83.59 µmol/dm3
2	27.77mg/L
2	2.43
2	26.43mg/L
2	13.58333333
2	2.44475
2	43
2	18.6
2	30
2	32.1775 mg/L
2	2.16095
2	1.72 mg/l
2	2.92 mg/l
2	7.69 mg/l
2	2.46 mg/l
2	1.271475203
2	21.8
2	0.06322580645161291
2	6.52 mg/l
2	140
2	0.49 mg/L
2	31.08 micro molar
2	0.77
2	1.36 µmol/dm3
2	1.58
2	0.048
2	1.45
2	31.55 micro molar
2	0.033
2	25.23mg/L
2	2.27296 mM
2	611.5
2	84
2	0.642
2	2.21 mg/l
2	33.16 micro molar
2	20.7 micromoles per liter
2	197
2	0 mM
2	2.476
2	9.49mg/l
2	0.038369963
2	64.1965 mg/L
2	1.666666667
2	0.016
2	8.25
2	4.72
2	27.51
2	2.82
2	61.2807 mg/L
2	1.76 mg/l
2	2.64
2	0.113888596
2	0.179767442
2	11.91666667
2	12.909 uM
2	0.403
2	150
2	2.45
2	1090
2	3.62 mg/l
2	0.86 mg/L
2	1.82 mg/l
2	18.9
2	36.5717 mg/L
2	66.8622 mg/L
2	0.38 mg/L
2	4.12
2	1.4 mM
2	13.8
2	27.1mg/L
2	4.42
2	6.64 mg/l
2	0.061
2	61.5
2	475
2	27.43mg/L
2	0.64 mg/L
2	3.5
2	0.28 µmol/dm3
2	2.83 mg/l
2	1.86 mg/l
2	0.80 uM
2	39.21 uM
2	22.4 micromoles per liter
2	2.07 mg/l
2	29.6mg/L
2	472
2	2.52
2	1.74 mg/l
2	12.33
2	0.776774193548387
2	0.338485838
2	1.17 mg.L-1
2	25.71mg/L
2	25.49mg/L
2	28.92 micro molar
2	25.61mg/L
2	1 mg/L
2	0.12 uM
2	1.93
2	78
2	0.062
2	31.12 micro molar
2	80.4
2	0.153023256
2	3.62
2	20.9
2	25.34mg/L
2	90
2	1.73 mg/l
2	27.17mg/L
2	1.17
2	33.12 micro molar
2	1.82
2	545
2	0,94
2	35.1
2	0.504
2	31.9 micro molar
2	4.29 mg/l
2	20.7
2	30.66 micro molar
2	2.02 mg.L-1
2	1.87 mg/l
2	0.2538 mg/L
2	0.2 µM
2	66.4186 mg/L
2	11.33333333
2	25.21mg/L
2	31.97 micro molar
2	0.168604651
2	0.325 µM
2	31.0829 mg/L
2	4.71
2	0.53 uM
2	25.08mg/L
2	0.4583870967741936
2	3.38
2	2.38
2	556
2	21.19 µmol/dm3
2	0.002 mg/L
2	1.76
2	2.58 mg/l
2	147.5
2	0.13096774193548388
2	0.561
2	152
2	25.76
2	28.4 micromolar
2	6.35 mg/l
2	0.08806451612903227
2	0.569
2	0.09709677419354837
2	0.335
2	24.2 micromolar
2	20.972 μmol/L
2	1.6772
2	1.56 uM
2	2.15
2	66.5292 mg/L
2	0.11 uM
2	83.4
2	0.642535874919683 uM
2	0.412
2	0.160465116
2	6.58 mg/l
2	1.623548387096774
2	2.6 mM
2	0.038
2	2.35 mg/l
2	63.47 µmol/dm3
2	10.65 mg/l
2	1.47
2	0.89 µmol/dm3
2	32.04 micro molar
2	18.658 µM
2	&lt;1.5 mg/l
2	1.416666667
2	4.88 mg/l
2	318
2	1.28
2	457.6
2	0.5170967741935484
2	77.4
2	3.333333333
2	40.04 µmol/dm3
2	10.41 µM
2	4.08
2	0.76 µmol/dm3
2	7.43 mg/l
2	64.4976 mg/L
2	0.921
2	192
2	25.97mg/L
2	58
2	0.64 µmol/dm3
2	0,53
2	0.634
2	0.49
2	0.2867741935483871
2	11.01
2	35.257 µM
2	70.2
2	0.08580645161290323
2	482.5
2	10.96
2	0.699
2	0.522
2	7.33
2	35.29
2	66
2	4.92
2	0.18516129032258066
2	4.02
2	86.7
2	2.27 mg/l
2	0.65 mg/L
2	3.68
2	24.6 (orig)
2	0.40 uM
2	24.98mg/L
2	0.25 µmol/dm3
2	34.9
2	0.07 mg/L
2	31.2 micro molar
2	7.96 mg/l
2	24.28 µmol/dm3
2	4.17
2	33.02 micro molar
2	19.71
2	27.2 microMolePerLiter
2	0.053
2	25.91mg/L
2	7.72258064516129
2	4.68
2	1.71 mg/l
2	2.51
2	29.29
2	1.45 mg.L-1
2	0.85
2	17.2
2	5.05
2	3.1~3.4
2	65.4226 mg/L
2	308
2	439
2	35.36
2	48
2	83.7
2	24.6 microMolePerLiter
2	0.03 mM
2	68.56612903225806
2	5.56
2	0.14 mg/L
2	11.8
2	0.073
2	0.6909677419354838
2	163
2	26.7 micromoles per liter
2	156.5
2	11.52
2	22
2	96.3
2	28.82mg/L
2	20.1 microMolePerLiter
2	0.03 uM
2	3.3
2	74.6
2	24.45 µM
2	0.205943982
2	0.67 µmol/dm3
2	1021
2	33.15 micro molar
2	34.1501 mg/L
2	15.3 (orig)
2	7.98
2	1.07 mg/l
2	1127
2	8.97 mg/l
2	24.58mg/L
2	0.045mg/l
2	1.1 ppm
2	1.37 mg/l
2	3.88
2	31.62 micro molar
2	1.56 mg/l
2	2.3 mM
2	29.0 micromolar
2	71.9
2	0.01 mg/L
2	191.5
2	25
2	66.6
2	35.07 uM
2	67.3367 mg/L
2	1.244
2	2.47 mg/l
2	32.1 micro molar
2	50.14
2	0.1874193548387097
2	30.1 micromolar
2	9.168 µM
2	12.91666667
2	16.7
2	162.5
2	25.84mg/L
2	0.1061290322580645
2	0.79 µmol/dm3
2	88.5
2	69.6
2	33.24 micro molar
2	4.21 mg/l
2	0.21319364
2	3.22 mg/l
2	20.03 µmol/dm3
2	53.92mg/L
2	39.6
2	66.0701 mg/L
2	29.97 micro molar
2	2.14 mg/l
2	5.61 mg/l
2	149
2	0.08129032258064516
2	70.22
2	3.6
2	143
2	3.083333333
2	1.41 mg.L-1
2	3.08 mg/l
2	29.22
2	153.5
2	0.06 mg/L
2	63.2062 mg/L
1	2.34
1	0.262
1	31.25 uM
1	2.08
1	65.1896 mg/L
1	2.1648 uM
1	1.38
1	116.2
1	91.7
1	20.676 μmol/L
1	0.034
1	0.128287
1	0,43
1	0.082 μmol/L
1	13.6
1	3.01
1	12.673
1	0.563865 uM
1	35.67 micro molar
1	0.801
1	31.331 μmol/L
1	15.60344828
1	26.175 μmol/L
1	1.707 μmol/L
1	0.999500249875062 uM
1	0.08763 uM
1	0.758
1	32.43 micro molar
1	4.74
1	0.545
1	0.910448889
1	200.854 umol/L
1	1.036
1	478 µg/L
1	2.07
1	1.8mg/kg
1	0.774132366958095
1	1.5346 mg N/L
1	7.1
1	1.567
1	0.684
1	22.79741935483871
1	0.9211
1	41.13
1	0.12425 uM
1	0.537
1	10.61
1	0.425157332
1	76.8
1	3.33 µM
1	53.43
1	28.7 micro molar
1	66.0211 mg/L
1	32.55 micro molar
1	75.3
1	0.424 µM
1	0.235921243
1	13.56 uM
1	30 µg/L
1	4.44
1	0.4 µM
1	11.01µmol/L
1	132.93
1	2.097
1	5.39
1	8.4
1	8.24
1	35.32 micro molar
1	0.001 uM
1	87.3
1	2.03
1	8.34
1	638 µg/L
1	3.77
1	0.788
1	2.73
1	9.07
1	7.43
1	29.78 micro molar
1	3.19516129
1	21.02 μmol/L
1	13.263870967741935
1	0.66 mg/L
1	0.017 mg N/L
1	12.01146132
1	0.007 mg/L
1	1.8 mg/l
1	1.69
1	6.84
1	7.61
1	2.94
1	23.499 μmol/L
1	0,91
1	0.2868
1	2.0664 uM
1	0.1277089
1	41.5
1	25.311 μmol/L
1	15.77
1	46.39
1	2.287668269
1	0.0132 mg N/L
1	16.08
1	23.032
1	110.4
1	0.767
1	0.17 mg/L
1	34.94 micro molar
1	57
1	15.32
1	65.8165 mg/L
1	3.14
1	36.87 µM
1	28.36 micromoles per L
1	29.74
1	0.711
1	3.05
1	0.613
1	1.273 mM
1	0.132
1	31.176 μmol/L
1	32.41 micro molar
1	38.74
1	4.30 ppm
1	248 µg/L
1	12.54
1	29.07 micromoles per L
1	201.692 umol/L
1	3.71
1	143.967454
1	31.46 μmol/L
1	0.011-0.038 mg/L
1	27.057 μmol/L
1	28.88 micro molar
1	60.7356 mg/L
1	2.11
1	0.012 mM
1	0.355
1	7.41
1	45.292
1	35.41 micromoles per L
1	25.775 μmol/L
1	15.14 umol L-1
1	11.61
1	105.8
1	30.31953
1	32.24 micro molar
1	0.16 mg/L
1	4.34
1	10.6
1	1.8 mM
1	31.21 micro molar
1	21.81
1	1.986515
1	36.16 micro molar
1	11.07
1	0.197510204
1	4.4
1	7.2 mg
1	10.28
1	0.681
1	BDL
1	649 µg/L
1	3.330535 mM
1	1.20 mg/L
1	33.03 micro molar
1	30.8 μmol/L
1	0,23
1	597.207 umol/L
1	35.71 micro molar
1	25.116 μmol/L
1	0.150055529
1	0.093
1	1,62
1	0.6642 uM
1	20.502 μmol/L
1	0.053 mg/L
1	2.72 mg/kg
1	24.507 μmol/L
1	26.17
1	0.975
1	0.135
1	24.227 μmol/L
1	3.41
1	18.1
1	0.797
1	24.76
1	2.558028235
1	32.21 micro molar
1	0.098
1	0.8648387096774194
1	1,06
1	18.45
1	0.501
1	2.19
1	0,301
1	32.47 μmol/L
1	20.29 micromoles per L
1	48.81
1	3.92660812450917 uM
1	4.92µmol/L
1	25.65 micromoles per L
1	2.29 uM
1	33.57 micro molar
1	0.083085 uM
1	27.605 μmol/L
1	28.74 micromoles per L
1	4.96
1	26.058 μmol/L
1	0.83 mg/L
1	32.98 micro molar
1	0,38
1	0.1912 uM
1	8.79
1	5.2
1	0.388
1	2.37 mg/L
1	32.884 μmol/L
1	0.0086 mg N/L
1	0.07603 uM
1	0.776
1	4.82
1	1.046236559
1	32.95 micro molar
1	0.96 mg/L
1	1.05 mg/l
1	0.0066 mg N/L
1	0.027 mM
1	0.175268791
1	3 mg/l
1	5.74
1	26.66 micromoles per L
1	25 mg/l
1	0.0072
1	0.334934706
1	38.4
1	63.999872
1	5.08 mg/l
1	0.07 mg/kg
1	1.779425 mM
1	0.275 µM
1	26.73
1	4.9mg/kg
1	8.05
1	15.67
1	0.095
1	35.12
1	8.88 µM
1	0.067
1	0.06064 uM
1	36.121 μmol/L
1	5.417 µM
1	0.707
1	2.87 mg/l
1	0.067195 uM
1	32.49 micro molar
1	351 µg/L
1	1.63 mg/L
1	0.05765 uM
1	11.15
1	1.958102
1	0.13293295
1	34.86
1	8.55
1	1.716129032
1	98.1
1	0.076
1	2.8290 uM
1	0.63 mg/L
1	3.295
1	2.108594
1	95.7
1	26.638 μmol/L
1	17.706 μmol/L
1	4.5
1	1.2 ppm
1	18.98 μmol/L
1	9,99
1	15.15
1	29.49 micromoles per L
1	1.6 mg/L
1	24.837 μmol/L
1	0.7 ppm
1	9.06689512386664 uM
1	16.01
1	32.882 μmol/L
1	0.894
1	2.03 uM
1	25.9
1	26.46719
1	not detected
1	6.89
1	0.8077 mg N/L
1	0.374 µM
1	1.463221429
1	0.447
1	0.157 mg/L
1	33.347 μmol/L
1	24.618 μmol/L
1	11.09
1	0,07
1	0.617
1	5.95
1	0.192
1	25.2
1	9.527377522
1	1.535
1	30.05 micromoles per L
1	1.437634409
1	25.381 μmol/L
1	14.93
1	36.95 micro molar
1	3.33
1	14.94
1	bld
1	34.95 micro molar
1	0.016 ppm
1	4.53
1	7.788571429
1	0.1035
1	14.3
1	0.8508
1	32.3 micro molar
1	15.21 µM
1	0.474
1	310 µg/L
1	41.64
1	2.356
1	85.8
1	28.34 micro molar
1	30_days_longterm_50_1
1	266.49
1	23.609 μmol/L
1	31.25 micro molar
1	12.71 µM
1	30.69 micro molar
1	31.99 micro molar
1	0.254495556
1	1.29 mg/L
1	24.82 μmol/L
1	0.3198 uM
1	25.856 μmol/L
1	0.02176 uM
1	31.486 μmol/L
1	0.5752 mg N/L
1	6.58
1	7.69
1	20.3
1	35.567 μmol/L
1	0.7129 mg N/L
1	0.08324 uM
1	5,90
1	4.51
1	28.81 micro molar
1	6.07
1	0.662
1	1.25
1	0.0331
1	0.916
1	26.55 μmol/L
1	10.15
1	31.58 micro molar
1	0.94 mg/L
1	0.317
1	3.17
1	0.97
1	1.85 mg/L
1	14.89
1	3.211462604
1	24.27
1	0.0139 mg N/L
1	34.926 μmol/L
1	0.111
1	9_days_enrichments_100_2
1	6.14µmol/L
1	32.15 micro molar
1	9.715099715
1	0.149 mM
1	18.528 uM
1	0.085 uM
1	28.05 micro molar
1	508 µg/L
1	0.12921525
1	6.1122625 uM
1	0.0347
1	0.486
1	5.52
1	5,85
1	2.05
1	0.877
1	0.012
1	28.59 micro molar
1	5.26
1	11.60401722
1	32.987 μmol/L
1	30_days_longterm_100_2
1	12.46
1	47
1	5.96
1	9_days_enrichments_50_1
1	28.576
1	1.56791 mM
1	3.21
1	6.44
1	32.64
1	13.34
1	3.40104 mM
1	5.1 mg/l
1	0.449
1	25.55
1	2.53
1	1.746236559
1	21.21 umol L-1
1	99.04
1	29.57 micromoles per L
1	0.879
1	31.4 micro molar
1	2,49
1	7.67
1	27 μmol/L
1	32.5 micro molar
1	30_days_enrichments_50_2
1	21.3 microMolePerLiter
1	31.85 micromoles per L
1	48.41
1	3.58
1	2.85 mg/L
1	5.505007153
1	0.17985 uM
1	2.516 uM
1	10.05
1	0.721
1	1.744 μmol/L
1	175.9
1	5.66
1	0.005 uM
1	0.09249 uM
1	0.439
1	0.4418
1	13.19
1	33.44 micro molar
1	23.075 μmol/L
1	0.1238
1	0.68 mg/L
1	4.402
1	0.018
1	4.61
1	9_days_longterm_50_1
1	2.322 µM
1	30.44 micro molar
1	17.7 microMolePerLiter
1	31.13 micro molar
1	30_days_enrichments_100_1
1	2.4108 uM
1	30.67 micro molar
1	27.5073
1	0.8238 mg N/L
1	19.715 μmol/L
1	1.013
1	3.24
1	20.473 μmol/L
1	81
1	2,66
1	0.827
1	0,16
1	4.5 g/kg
1	111.24
1	32.64 micro molar
1	0.327
1	1.53 mg/L
1	0.746
1	35.08 micro molar
1	0.185
1	13.56
1	32.18 micro molar
1	11.34
1	0.48 mg/L
1	0.366
1	30_days_longterm_100_1
1	0.426
1	1,60
1	31.81 micro molar
1	12.2
1	6.7
1	32.29 micro molar
1	33.08 micro molar
1	8.07 mg/kg
1	3.27 mg/L
1	33.28 micro molar
1	25.74
1	0.3444 uM
1	31.63 μmol/L
1	13.69
1	2.39
1	35.65 micro molar
1	30.92 micro molar
1	6,31
1	1.348 µM
1	1,39
1	32.25 micro molar
1	10.52
1	0.824
1	35.149 μmol/L
1	33.22 micro molar
1	2.46
1	5.19
1	0.08 mg/L
1	0.434
1	0.585
1	0.125 mg/L
1	1.4152 mg N/L
1	111.2422
1	0.869
1	0.177
1	18.6 μmol/L
1	2.22 mg/l
1	0.47 mg/L
1	14.46
1	39.4 mg/l
1	2.0703933747412 uM
1	0.874 µM
1	33.16 μmol/L
1	0.826
1	23.70963
1	2.33
1	0.01 mg N/L
1	8.12
1	10.15 µM
1	0.0771
1	0.046535 uM
1	34.134 μmol/L
1	8.97
1	32.836 μmol/L
1	0.141805 uM
1	14.74678112
1	18
1	24.18 μmol/L
1	1.548 µM
1	0.476
1	9_days_longterm_0_1
1	11.39844
1	1.336
1	1.114
1	0.2 mg/L
1	1.348
1	222.216 umol/L
1	1.19
1	72.806306
1	0.505
1	27.899 μmol/L
1	7.17
1	12.6 mg/l
1	0.026 ppm
1	29.4
1	0.068265 uM
1	34.71 micro molar
1	30.02 micro molar
1	0.069
1	1.89
1	13.51645207
1	6.9
1	1.573 µM
1	41.12891
1	3.9360 uM
1	9.35
1	27.137 μmol/L
1	18.2
1	1,369
1	10.94
1	3.0mM
1	0.983594
1	0.15092 uM
1	0.919
1	46.4
1	2.4 mg/L
1	0.037
1	20.312 μmol/L
1	19.306 μmol/L
1	1.005
1	32.07 micro molar
1	1.055
1	7,015
1	69
1	34.23 micro molar
1	65.2
1	114.81
1	22.29
1	35.979 μmol/L
1	24.278 μmol/L
1	0,62
1	1.198 µM
1	0.402
1	11.63
1	0.108594
1	4.22
1	0.048705 uM
1	9.03
1	2.13195 mM
1	6.53
1	0.324
1	0.344
1	1.039
1	30_days_enrichments_0_1
1	n.d.
1	108
1	1.509
1	0.026 mM
1	0.479
1	91.4
1	1.41 mg/l
1	37.19
1	0.1285737
1	8.4-4.6 mg/l
1	36.35
1	0.734
1	0.456
1	0.025387635
1	861.99
1	25.717 μmol/L
1	11.3mg/kg
1	0.032
1	0.68
1	1.635
1	1.8450 uM
1	1.033
1	31.56 micro molar
1	0.241
1	150.5
1	0.022164436
1	1.031
1	21.338 μmol/L
1	0,37
1	3,27
1	4.416
1	0.274
1	0.39 mg/L
1	0.969
1	25.921 μmol/L
1	0.288257396
1	3.93
1	18.79
1	0.059
1	0.182
1	21.549 μmol/L
1	1.03 mg/L
1	31.05 micromoles per L
1	0.105
1	7.492154066
1	72.9
1	19.562 μmol/L
1	42.4
1	7.35
1	113.78
1	0.126 mg/L
1	2.46 mg/L
1	0.82 mg/L
1	0.226
1	89.0185 umol/L
1	8.838064516129034
1	11.362
1	5.405
1	0.0319
1	4.275791
1	2.332
1	519.1
1	4.668
1	4,135
1	37.42 micro molar
1	0.749 µM
1	30.761 μmol/L
1	23.952 μmol/L
1	39.02612903225806
1	26.5 micromoles per liter
1	28.69 mg/L
1	0.158
1	878.154 umol/L
1	31.68 micro molar
1	5.561
1	0.518
1	1.088
1	39.28
1	4.106
1	32.48 micro molar
1	30_days_longterm_50_2
1	27.864 umol/L
1	0.492
1	31.45 micro molar
1	11.7 mg/l
1	15.9
1	30.72 micro molar
1	160.225 umol/L
1	0.891
1	6.06
1	24.3
1	21.04 micromoles per L
1	1.7712 uM
1	1,46
1	0.457
1	25.943 μmol/L
1	34.44
1	5.35
1	0.487
1	0.0363
1	31.02 micro molar
1	0.97 mg/L
1	24.71 micromoles per L
1	7.2
1	0.269
1	34.8 micro molar
1	20.856 μmol/L
1	28.4
1	33.25 micro molar
1	10.8
1	93
1	30.03 micro molar
1	46.8
1	8.5
1	26.1 mg/l
1	13.5
1	33.26 micro molar
1	1,81
1	1.40 mg/L
1	36.81 micro molar
1	1056.699 umol/L
1	22.34 μmol/L
1	0,66
1	0.1300589
1	0.04485 uM
1	4.28
1	0.022433036
1	28.86 micro molar
1	36.979 μmol/L
1	0.12 mg/L
1	732 µg/L
1	0.273 uM
1	5 mg/l
1	1.842969
1	56.04
1	2.02 mg/l
1	41.04
1	0.297 uM
1	0,17
1	3.8mg/kg
1	32.28 micro molar
1	37.99
1	1.7958 uM
1	6.85
1	0.135735 uM
1	4.8 mg/l
1	31.849 μmol/L
1	31.98 micro molar
1	36.013 μmol/L
1	12.24
1	0.548
1	12.3 mg/kg
1	22.715 μmol/L
1	0.273
1	31.39 micro molar
1	95.1
1	41.34
1	2.25 µM
1	1.456451613
1	8.908045977
1	0.04695 uM
1	28.54 micro molar
1	30.22 micromoles per L
1	2.147656
1	1.393
1	45 µg/L
1	24.5
1	2.518 mM
1	34.05 micro molar
1	35.5 micro molar
1	32.34 micro molar
1	0.0508
1	22.9
1	30.39 micro molar
1	41.21
1	170.38
1	3.03 mg/L
1	0.128522
1	24.812 μmol/L
1	0.0782 uM
1	43.13
1	0.117
1	1.75 µM
1	12.35
1	30.78 micro molar
1	31.33 micro molar
1	858.996 umol/L
1	0.27 mg/L
1	0.04 mM
1	26.248 μmol/L
1	1,79
1	20.304 μmol/L
1	27.81 micro molar
1	7.86
1	2.54
1	33.87 micro molar
1	3.8552152495181 uM
1	0.5628
1	30.37 micro molar
1	25.361 μmol/L
1	0.142
1	2.924
1	25.202 μmol/L
1	2.5 mM
1	1.78 mG:l
1	10.32
1	2 ppm
1	0.3748387096774194
1	32.661 μmol/L
1	0.1288792
1	7.13
1	0.0119
1	24.213 μmol/L
1	1.397727273
1	3.5 mg/l
1	27.119 μmol/L
1	12.43366619
1	14.7 mg/l
1	30.65 micro molar
1	0.048515 uM
1	0.73 mg/L
1	6.13
1	1.065
1	1.02
1	24.79 µM
1	32.19 micro molar
1	6.32
1	6.201
1	21.598 μmol/L
1	6.29
1	1.0816129032258064
1	3.612555 mM
1	0.15 ppm
1	7.3
1	2.22
1	70.588 umol/L
1	2.13 mg/L
1	11.19
1	28.524 μmol/L
1	140.95
1	32.73 micro molar
1	0.137 mM
1	1.17 mg/L
1	0.022 mM
1	2.57
1	0.512
1	33.56 micro molar
1	1.920435 mM
1	9.71
1	0.0754 uM
1	0.002257886070294
1	20.757 μmol/L
1	6.28
1	26.921 μmol/L
1	0.936
1	0.713
1	1.856
1	10.62
1	3.244956772
1	1000 µg/L
1	1.7997 mg N/L
1	1.416
1	0.002 mM
1	32.36 micro molar
1	12.21
1	26.17031
1	9_days_enrichments_50_2
1	1.56
1	7.07
1	0.645
1	9.19487909
1	0.021090037
1	0.647045
1	0,24
1	121.47
1	0,40
1	9_days_longterm_0_2
1	0,87
1	67.3
1	2.248 μmol/L
1	1.95 mg/L
1	0.955
1	13.4
1	2.32 mg/L
1	1.352
1	33.34 micro molar
1	31.38 micro molar
1	3.31
1	1.846
1	0.100455 uM
1	6.65
1	0.01262 uM
1	1.66 mg/L
1	5.3
1	0.596727032863532
1	25.568 μmol/L
1	22.901 μmol/L
1	34.76 micromoles per L
1	32.17 micro molar
1	4.709
1	37.7
1	0.083295 uM
1	1.50
1	32.91 micro molar
1	3.52
1	43.2
1	1.1 mg/L
1	2.008534851
1	6.91
1	22.924 μmol/L
1	0.013715 uM
1	0.089
1	4.314
1	0.256
1	3.15
1	1,59
1	0.013 mg/L
1	33.18 micro molar
1	2.224193548
1	300.9
1	1.685
1	123.784 umol/L
1	1.3929 mg N/L
1	15.79913917
1	11.29
1	0.08285 uM
1	159.05
1	1.5519
1	19.038 μmol/L
1	1.904
1	19.13 μmol/L
1	215.514 umol/L
1	0.0124
1	0.01579 uM
1	10.24
1	25.833 μmol/L
1	0.375mM
1	0,51
1	4mg/kg
1	1.2 mg/L
1	1.48
1	3.54
1	30.24 micro molar
1	0.2605 mg N/L
1	32.8 micro molar
1	2.55
1	1.92760762475905 uM
1	33.09 micro molar
1	3.2472 uM
1	0.458
1	1.008
1	16.45911047
1	0.808
1	30_days_enrichments_100_2
1	1,07
1	33.64 μmol/L
1	2.4 mg/l
1	0.06535 uM
1	11.4
1	0.148 mM
1	3.09 µM
1	0.499
1	2.03 mg/L
1	31.433 μmol/L
1	0.123
1	9.738
1	0.528
1	0,20
1	30_days_longterm_0_2
1	34.03 micromoles per L
1	0.588
1	445 µg/L
1	2.83
1	57.603 umol/L
1	4.03
1	91.27
1	2.5mg/kg
1	31.46 micro molar
1	2.4846 uM
1	6.406
1	25.614 μmol/L
1	0,166
1	0.889
1	9.04
1	5.44
1	48.94
1	143.790035
1	32.16 micro molar
1	0.086
1	0.673
1	27.08 umol L-1
1	470 µg/L
1	1374.197 umol/L
1	0.03721 uM
1	1.0025806451612904
1	0.691
1	7.92
1	145
1	32.92 micro molar
1	0.101
1	29.67
1	11.582
1	30.32
1	22.895 μmol/L
1	6.5
1	0.01585 uM
1	30.89 micro molar
1	6.75
1	0.383
1	1.017
1	31.801 μmol/L
1	17.04
1	3.1
1	28.02
1	1.6352 mg N/L
1	26.47
1	36.55 micromoles per L
1	110
1	0.113 mM
1	0.14875 uM
1	1.501
1	0,39
1	1.26 µM
1	0.261
1	1.212
1	0.472
1	7.62 µM
1	93 µg/L
1	0.129
1	105.70 ppm
1	152.15
1	19.68
1	49.66
1	0.107
1	28.84 micro molar
1	0.011
1	28.49 micro molar
1	0.027 ppm
1	0.0735 uM
1	3.27
1	23.41 micromoles per L
1	0.003 mM
1	1,731
1	1.78 mg/l
1	0.0599
1	0.164 uM
1	0.271
1	5.78
1	149.753 umol/L
1	21.466 μmol/L
1	11.73
1	10.67
1	0.4957
1	27.132 μmol/L
1	1.64203612479475 uM
1	0.524
1	12.02
1	0.12770185
1	58.542580645161294
1	30.8mg/kg
1	4.2 mg/l
1	20.687 μmol/L
1	1.125
1	0.043955 uM
1	0.37258064516129036
1	0.611
1	4.741406
1	0.113
1	0.077 uM
1	0.059 mg N/L
1	1.68 mg/L
1	29.83 micromoles per L
1	0.0742 uM
1	33.23 micro molar
1	36.79
1	30.3 micro molar
1	0.93
1	32.78 micro molar
1	53.42969
1	34.772 μmol/L
1	33.72 micro molar
1	2.59
1	0.230893145
1	32.850322580645155
1	0.1722 uM
1	106
1	30.33 micro molar
1	23.6 mg/l
1	0.139844
1	75.66 umol/l
1	0.345
1	36.64 micro molar
1	5.277936963
1	54-744 mg/L
1	30.644 μmol/L
1	176
1	0.144825053
1	5.871611983
1	17.28
1	1.36
1	4.035585 mM
1	0.7429032258064516
1	11.6
1	0.4967741935483871
1	9_days_enrichments_100_1
1	8.092 uM
1	0.749882071
1	4.824
1	103.678 umol/L
1	0.26 microM
1	0.255391667
1	2.2 mM
1	1.325
1	0.40
1	29.16 micro molar
1	0.693
1	0.035 mM
1	171 µg/L
1	0.001
1	9_days_longterm_100_2
1	2.78
1	3.291743745
1	4.75
1	2.88
1	23.3
1	28.75 micro molar
1	0.085915 uM
1	0.08339 uM
1	26.831 μmol/L
1	0,197
1	2.4 mM
1	0.2 micromole per liter
1	34.18 micro molar
1	514.482 umol/L
1	104
1	0.979
1	0,03
1	1.448
1	0.013
1	0.395
1	0.503
1	22.14 µM
1	743.181 umol/L
1	0.153435 uM
1	31.379 μmol/L
1	5,9
1	1.0319354838709678
1	3.26
1	0.264
1	0.56 mg/L
1	9_days_longterm_50_2
1	76.32
1	10.39 mg/L
1	8.171184023
1	14.8
1	32.738 μmol/L
1	755.747 umol/L
1	32.51 micro molar
1	27.2 µM
1	31.29 micro molar
1	31.26
1	33.928 μmol/L
1	0.216560185
1	33.235 μmol/L
1	0.271363529
1	2.656989247
1	27.312 μmol/L
1	3.57
1	0.287
1	77.7
1	31.41 μmol/L
1	24.29531
1	7.29
1	0,61
1	33.19
1	4.93
1	183 µg/L
1	0.085156
1	14.16
1	0.9018
1	18.6492 umol/L
1	25.746 μmol/L
1	0.703
1	7,82
1	23.8
1	52.0603
1	8.53
1	2.77
1	3.73
1	2.112
1	0.122
1	26.571 μmol/L
1	17.7
1	0.536
1	4.47
1	1.18 mg/L
1	0.079
1	25.611 μmol/L
1	259 µg/L
1	12.057725 uM
1	1.27 mg/L
1	0.791
1	1.219354839
1	0-10mg/L
1	2.76
1	0.41 µM
1	4.503576538
1	31.42 micro molar
1	5.13
1	3.934
1	0.898
1	13.94 mg/L
1	0.425
1	0.12419354838709677
1	50.37
1	30.7 micro molar
1	0.202
1	15.46
1	0.59 mg/kg
1	0.022 ppm
1	1.584 uM
1	6.05
1	74.1
1	0.76 mg/L
1	26.731 μmol/L
1	26.8
1	32.09 micro molar
1	5.98
1	0.025
1	126.9
1	800.35
1	36.1 micro molar
1	0.741
1	7.588 uM
1	1.5mM
1	32.83 micro molar
1	28.66 micro molar
1	134.64
1	2 mg/l
1	235.201 umol/L
1	4.57
1	50.354838709677416
1	8.2
1	7 µg/L
1	52.6
1	23.528 μmol/L
1	0.2506451612903226
1	0.0176
1	10.5
1	36.05 micro molar
1	0.91941
1	37.09
1	3.22
1	4.918 µM
1	29.36 micro molar
1	1.8462 mg N/L
1	9.784791966
1	2.243967647
1	3 ppm
1	20.122 μmol/L
1	11.29344729
1	0.05422 uM
1	0.0666
1	0.0212
1	21.26 umol L-1
1	4.27
1	0.244
1	4.703862661
1	0.356 mM
1	0.785321624901835 uM
1	146
1	28.138 μmol/L
1	15.9 µM
1	2.7 mg/l
1	64.0333 mg/L
1	0.669
1	0.2673
1	30_days_longterm_0_1
1	0.08592 uM
1	4.88
1	20.922 μmol/L
1	0.774
1	0.90 mg/L
1	31.103 μmol/L
1	31.16 micromoles per L
1	0.053955 uM
1	25.45
1	12.91607397
1	110.799 umol/L
1	5.5
1	35.73 micro molar
1	171.86
1	0.304
1	1.0386 mg N/L
1	57.14
1	0.75mM
1	0.090909091
1	188
1	62
1	1.63
1	1.323 µM
1	4.97
1	3.78
1	0.12876875
1	2.2 mg/L
1	0.589
1	33.703 μmol/L
1	0.75 mg/L
1	30.16 micro molar
1	0.847
1	32.97 micro molar
1	0.672
1	353 µg/L
1	0.365
1	0.133 mg/L
1	2.13
1	9.52E-07 M
1	0.077
1	0.332
1	16.4
1	0.07451612903225806
1	0.822
1	0.61 mg/L
1	0.496
1	2.18
1	0.948
1	38.29 micromoles per L
1	0.5 ppm
1	7.534
1	1.3525806451612903
1	293 µg/L
1	0.09935483870967741
1	36.23 micromoles per L
1	4.369
1	0.058
1	9.483870967741934
1	8.09 uM
1	0.18 mg/L
1	31.143 μmol/L
1	31.69 micro molar
1	13.307
1	58.84
1	1.861
1	10.925
1	4.64
1	25.71 micromoles per L
1	9_days_enrichments_0_2
1	0.482
1	.075 mM
1	0.017
1	27.97578
1	33.101 μmol/L
1	19.580606
1	22.143 μmol/L
1	2.99
1	20.2 microMolePerLiter
1	0.381
1	0.151
1	0.555
1	4.775
1	30.59 micro molar
1	7.4
1	89.4
1	0.04764 uM
1	0.754
1	15.698905 uM
1	0.018 uM
1	30.46 micro molar
1	0.5634
1	0.12405 uM
1	0.880645161
1	7.54 µM
1	0.12835045
1	95.4
1	4.825
1	13.2
1	30_days_enrichments_0_2
1	38.48
1	4.108
1	24.005 μmol/L
1	88 µg/L
1	5.251
1	3.72
1	1.12
1	4.394285714
1	0.93 mg/L
1	15.8
1	3.379
1	1.076
1	1.59
1	11.34950071
1	1.997 µM
1	5.63
1	1.047
1	3.49
1	0.35 uM
1	3.07
1	0.212
1	29.1 micro molar
1	2.93982808
1	11.48201439
1	26.709 μmol/L
1	0.06774193548387097
1	23.4
1	0.404
1	0.01483 uM
1	0.12836455
1	12.93
1	0.464
1	0.899
1	9_days_enrichments_0_1
1	35.66 micro molar
1	3.18
1	32.11 micro molar
1	113.1
1	2.345
1	0.029
1	0.095 mg/L
1	1,447
1	33.689 μmol/L
1	31.91 micro molar
1	30.53 micro molar
1	0,78
1	0.009
1	0.213678668
1	0.0509 uM
1	400 µg/L
1	3.77 mg/L
1	32.23 micro molar
1	0.453
1	9_days_longterm_100_1
1	2.265591398
1	6.199
1	0.417
1	0.7341 mg N/L
1	0.842
1	53.1389 mg/L
1	0.1552
1	25.4 micromoles per L
1	5.41
1	36.94 micromoles per L
1	7.96
1	1.448 µM
1	0.101 mM
1	0.09567 uM
1	41.71
1	29.82 micro molar
1	10.26
1	371 µg/L
1	23.026 μmol/L
1	2.17
1	4.59
1	1068.637 umol/L
1	1.73 mg/L
1	0.197
1	2,28
1	1.2216129032258065
1	33.55
1	1.4269 mM
1	29.14 micro molar
1	2.493 mM
1	0.356
1	31.73 micro molar
1	0.871
1	6.712643678
1	1.33
1	7,085
1	9.87
1	28.667 μmol/L
1	2.93
1	13.59
1	0.026
1	31.828 μmol/L
1	0.946
1	0.33 mg/L
1	25.675 μmol/L
1	964 µg/L
1	29.08 micro molar
1	6.11
1	8.52
1	64.5
1	69.7634
1	1.738709677
1	31.94 micro molar
1	3.2 mg/l
1	27.42 micro molar
1	5.21
1	5.07
1	800.3516
1	233 mM
1	0.4314
1	23.339 μmol/L
1	1.221
1	0.845
1	30_days_enrichments_50_1
1	1.88 mg/L
1	30.94 micro molar
1	0.431
1	36.35 micromoles per L
1	0.868
1	36.57
1	117.32
1	743 µg/L
1	27.98
1	0.1 micromole per liter
1	0.248340036
1	1.961
1	2.7306 uM
1	31.37 micro molar
1	0.141
1	1,056
1	0.6412903225806452
1	10.16
1	0.152 mM
1	1.27
1	137 µg/L
1	1.8558 mg N/L
1	1.42
1	25.26 micromoles per L
1	0.524 µM
1	2.87
1	23.114 μmol/L
1	31.66 micro molar
1	19.5
1	26.6 micromoles per L
1	0.146 mM
1	32.06 micro molar
1	30.84 micro molar
1	1.407526882
1	21.54 ppm
1	0,12
1	17.06134094
1	4 µg/L
1	0.130496
1	0.0158 mg N/L
1	0.13365 uM
1	26.297 μmol/L
1	31.88 micro molar
1	1.51
1	30.25 micro molar
1	314.67679
1	0.71 mg/L
1	27.205 μmol/L
1	5.01
1	10.77
1	10.54
1	0.134
