1	7.9924
7	3.53
1	8,54
9	3.31
6	3.63
1	5.495
1	9.375
1	7.53333333333333
2	4.978
3	1.43
1	6.001993
1	7.34333333333333
1	12.31
1	2.05
1	7.557
1	5.392
5	9.44
1	5.214
1	5,832
159	5.72
1	6.799144
2	1.19
26	4.18
1	8.79333333333333
1	6.895169
1	8.41333333333333
24	pH 7.9
1	7.629
54	8.43
8	4.11
1	9.81
1	8.58333333333333
1	4,206
1	5.132
913	7.9
3	2.21
30	8.68
2	6,75
83	7.68
6	7,34
2	6.0-9.5
1	8,156
721	6.6
7	2.97
1	NA1
1	10,747
1	6.6026
1	7.144885
22	3.56
24	9.39
3	5.03666666666667
1	-0.83
2	1.24
111	4.75
14	8.87
1	6.527696
1	5.555
9	decreased
2	4.003333333
1	7,56
1	6,954
1	8.027000000000001
1	6.5-10.0
1	4.904
1	6.620080662
558	6.5
26	9.5
1	7.713333
2	6.567509155
144	7.39
4	11.23
1	7.12432
87	6.64
2	5.118
1	5.5-10.5
2	8.332
79	4.97
1	5.149
1	4.824
1	6.98675
116	7.83
3	2.29
6	10.4
2	1.27
2	8.55666666666667
1	5.234
1	6.905
1	5.2-7.4
3	5,14
1	7.515
12	3.11
3	6.755
1	5.676982
84	6.14
7	3.01
110	8.03
147	8.7
11	2.8
1	8.76333333333333
3	8.83666666666667
2	6.545
1	7.48666666666667
1	7.335
48	8.37
1	4.118
1	6,64
1	8.17333333333333
1	5,69
1	10.25
1	7.433479999999999
9	4.03
1	7.735
40	8.74
4	8.042
1	4.053
1	5.62 0.02
1	6.638407
1	7.961
1	5.453177
25	Not provided
1	6.202731
2	4.996
1	5.649272
62	6.59
1	6.916327
1	6.999
1	9.10333333333333
14	2.65
1	8.33333333333333
9	3.79
1	5.8575
2	6.08-6.57
1	8.06666666666666
113	6.21
1	4.113333333
1	5.191
2	12.4
1	5.754
1	5,46
1	-0.27
1	6.34000015
1	4-9
14	4.17
1	7.113333333
2	4.103333333
2	7.739
6	2.81
2	8.69666666666667
1	5.0-9.5
1	8.548
1	7.976
3	10.24
1	6.174276
2	8.382
3	6.095
1	4.747
4	13
10	3,8
1	3,3
1	8.0994
57	6.51
5	11.5
14	5-Apr
3	9.14666666666667
1	6.0 - 9.5
124	7.46
3	1.88
1	8.57333333333333
1	6.363
1	9.118
6	2.73
2	8,44
27	4.78
6	9.15
304	6.2
133	3.8
132	8.6
3	6.3 - 7.4
1	6.91666666666667
1	4.079
1	6.345
1	7.78666666666667
1	10.47
2	7.987
1	5.27071428571429
1	4.985
2	3.775
1	3.505
2	9.032
8	9.36
1	5.166
1	10,545
9	2.3
1	4,763
1	7.0-10.5
1	9.51333333333333
2	8.845
1	5.188
2	9,3
1	38,052
123	7.02
1	4.600210624
1	12,012
1	0.91
1	6,45
120	7.74
2	6.463
1	7.262834
376	6.1
1	11.75
1	10.76
1	5.532
2	8.62666666666667
1	7.603333
1	9.908
1	8.269938965
1	6.27 0.06
26	4.12
1	9.92
1	4.227
1	7.0628
89	7.92
1	1.92
1	2.50
1	8,26
1	5.225502
1	6,84
6	7,97
1	2.83
1	6.88610302
1	9.77333333333333
1	5.571
1	5.576995
1	7.02178
1	769
12	8.049
1	5.0699
1	5.186053
1	5.885
3	2.61
63	7.16
1	7.835
144	7.5-8.4
1	10.11
1	10.2 to 11.1
1	8.18666666666667
1	5.718
1	7.2-7.4
20	9.42
1	7.28716
34	6.479
1	6.569371
1	5.899782
1	6.951738
1	10.57
1	6.493389
1	5.494
1	7.0-8.5
1	8,61
1	8.874
20	8.92
571	7.2
1	8.13333333333333
1	5.968
1	6.907
2	3.365
35	5.14
1	7.030512
1	5.443
1	7.632
5	2.26
1	4.854
1	5.589792
1	5.568
60	4.58
7	9.59
1	4.705
1	5.318825
1	7.025176
180	Missing: Not Provided
1	7,19
2	9.99
1	4.753
2	7.5 - 7.8
103	7.24
1	9.334
1	5,1
1	8,044
1	9.42333333333333
3	8.50333333333333
2	1.31
1	7.293679
17	7.945238095
1	7.57426
68	5.19
2	1.87
12	8.161
1	6.8152
88	8.9
16	2
2	6.935
103	7.82
2	10.06
2	8.093
136	7.32
387	8.3
1	4.244
78	8.19
1	5.227671
1	7.796
1	7.855
7	9.01
1	6.443333333
2	7.5-8.5
1	7.65333333333333
1	6.0-10.0
1	2.75 (orig)
3	1.75
86	4.24
18	6.50
20	3.89
1	5.926666667
216	6.84
3	9.52
2	1.57
51	7.0
1	8.0 - 8.5
1	10.13
1	7.48000002
1	5.88-6.74
101	7.99
1	6.040886
1	4.696
1	2-3
2	7.70
1	7.0268999999999995
6	8,09
57	5.75
12	3.03
71	8.11
4	2.47
63	7.61
1	8.88333333333333
1	7.47006
13	12.2
53	4.77
10	3.16
1	4.092
3	2.25
1	10,335
67	8.58
13	3.94
1	5.15703
1	7.0128
1	6.1-10.1
1	5.368002
2	7.20
1	4,515
1	8.747
483	6.8
14	3.77
9	8.133
1	4.803333333
3	1.63
119	7.98
67	7.44
1	11.24
1	4.54; missing
1	7.899
1	85
24	4.74
1	6.8 - 7.0
1	9.938
85	7.95
1	7.70666666666667
1	10.0266666666667
1	5.11±0.10
1	7.350899999999999
1	7.791
1	8.670000075
1	-0.72
1	6,95
65	6.62
1	5.419
1	4.548
2	9.128
1	7.882
1	4.718
2	10.38
69	6.76
14	3.05
1	7.089109
1	6.705762
2	6.628
1	5.795387
1	11.52
2	8.726
3	2.43
43	6.47
1	1.66
15	9.26
19	8.88
1	8.68666666666667
1	7.826
1	6.84769
1	4.40
30	4.83
2	10.43
1	6.72546
1	7.336051
1	7.609
5	2.41
38	6.26
59	5.18
8	3.51
1	7.051601
66	7.62
1	7,438
1	9.667
1	6.33333333333333
1	6.944665
1	4.826
130	7.21
16	7.361
1	6.740516
16	9.18
1	-0.20
10	2.69
1	11.73
1	9.199
1	6.789
2	10.22
1	5,018
1	5.618
1	4,26
1	7.31716
2	8.02666666666667
1	6.846666667
2	5.844
1	8.44333333333333
1	5.8 - 6.2
1	8.467
2	1.34
39	4.81
1	8.12333333333333
60	6.18
1	8.084
14	Missing: Not reported
1	5.855
5	3.38
125	5.91
2	6,1
1	5.108
2	6.015
2	6,65
4	7.494
1	6.010
1	5,7
1	4.894
2	6,56
42	5.63
39	8.64
2	8.334
1	6.353333
59	Not collected
3	7.81831346684223
1	6.987402
57	5.07
1	4.776666667
1	9.12333333333333
1	9.115
2	6.80
49	8.52
1	5,9
18	8.475
1	5.478
1	7.956
1	3.5-3.8
3	1.96
2	7-10
1	3.883
1	9.733
19	3.85
1	4.712
1	6.539999924
9	6.20
1	11.15
1	2.40
41	8.73
1	6.879129
2	5.332
71	6.33
1	5.835
1	6.82842
10	2.53
1	5.736
1	6.13233
71	5.97
1	7,409
10	3.62
14	9.9 - 10.5
5	1.89
19	7.652
76	6.07
1	9.719
1	9.78
1	6.316
1	7.429
1	7.092
2	7,53
6565	Missing: Not provided
12	9.90
2	8.611
1	12,086
51	6.35
1	9.09666666666667
1	4.476666667
1	6.096
1	4.678
1	7.575
1	5.218
2	8.575
1	4,55
1	6.916667
1	6.5-9.5
2	8.70
4	2.88
3	9.71
1	3.5-6.0
1	6.674475
12	8.513
39	7.19
3	7.5 ± 0.5
1	6.579
1	3.9 (±0.4)
1	5.584591
40	5.41
1	6.052107
1	4.890348
1	3.464
1	6.757689
55	6.79
2	1.37
1	5.046
1	6.439059
1	8.706
1	7,281
5	2.17
6	10.81
76	6.83
2	8.635
2	6,49
1	11
2	7.2 to 8
1	9.703
1	1.55
2	4.554
1	7.5412
1	6.816666667
1	788
1	5.781709
304	5.8
1	7.96333333333333
1	7.0-7.5
61	5.55
26	Missing: Not applicable
1	2.313
2	6.76375
12	8.254
1	6.60
1	5.603
1	6.25-7.5
1	7.794
1	-0.65
2	8.70666666666667
1	8.659
1	5.648
724	7.3
8	9.34
3	8.41666666666667
1	8.27666666666667
1	3.515
87	8.78
3	8.605
8	3.07
1	3.519
1	9.29333333333333
1	8-9
1	5.90
1	5.101
1	7.695
1	8.022
1	5.013889
1	6.791953125
1	5,15
1	6.858437
3	5.30
1	3.827
4	7,49
10	9.08
1	6.872101
58	6.24
1	7.6908
18	8.176
1	7.7334
1	8.54333333333334
66	8.49
1	8.264
2	5.515
1	4.183333333
2	5.605
53	8.72
1	5.012889
1	5.675
1	6.982535
1	5.460564
1	9.993
12	7.73logH+
1	4.5-5.0
1967	NA
2	8.587
1	8.06666666666667
1	7.29204
6	7.846
1	7.765
5	11.2
59	8.36
1	6.8-12.0
1	5.196368
1	8.11333333333333
1	8.34555
1	8.36666666666667
5	3.49
1	7.33286
33	9.22
45	4.51
2	5.256
1	6,658
1	2.7 (orig)
1	3.543
1	10,506
9	5.905
136	8.35
51	6.41
4	9.64
1	8.35333333333333
1	6.8-7.4
1	4,228
11	3.08
115	7.55
1	8.50666666666667
1	6.949249
1	6.092
153	5.88
30	4.93
2	4.50
105	7.69
98	5.38
1	6-12
84	8.2 � 0.1
46	8.3 � 0.2
1	5.906
2	7.0-7.9
122	3.9
5	10.18
1	7.2 - 7.8
1	7.171586
2	8.701
1	6.005
1	6.047
657	7.4
1	8.515
1	5.506041
1	2.55
1	6.70732
1	8.24666666666667
1	7.59333333333333
2	8.509
1	5.045
11	9.17
1	8.771
1	6.145
1	5.851133
3	9.63
3	3,7
714	7.6
13	9.24
1	4,64
1	4.557
1	8.13499999
1	6.996
90	8.21
1	6.629199
54	5.69
1	5.787
111	6.13
1	6.726666667
1	3.249
1	6.30365
1	11.01
5	8.293
4	6.085
43	5.44
1	6.988
9	3.68
1	7 - 9
2	4.043333333
2325	not provided
1	68
1	6.4-8.2
1	7.5914600000000005
24	3.88
1	6.660007324
1	6.291
1	7 to 8.2
21	4.38
1	6.3 - 9.3
1	5.302
2	9.05666666666667
1	3.445
435	7.1
1	7,557
2	6,27
1	7.932
2	5.816
114	7.87
1	5.758425
1	5 - 10
1	6.414628
11	2.64
1	1.65
2	6,92
6	2.04
1	6.776666667
11	8.89
1	5.438
16	3.59
1	8.999
3	4.90
298	5.04
2	8.195
2	9.58
3	9.19
1	824
10	3.29
9	2.74
1	6.783017
1	7.6903
3	2.44
1	4.7 (±0.4)
8	9.33
1	9.00333333333333
1	8,04
4	2.87
1	6.620455
113	4.95
81	6.16
63	6.68
2	4.80
1	6.557318
3	27
1	7.94333333333333
50	6.27
1	10.202
12	7.946
2	8.61333333333334
1	8.158
104	7.86
38	8.86
103	4.2
1	8.32334
109	6.63
1	6,70
1	5.734268
3	7.872
28	8.42
1	5.931293
1	8.329
1	7.80000019
1	5.926
1	7.003
6	1.04
1	6.669939102
1	9.748
1	6.883096
34	8.46
1	4.674
4	2.71
1	11.95
2	7.7189
94	6.96
1	6.853800000000001
3	6,68
1	9.166
30	4.33
1	4.469
14	2.98
1	4.505
2	7,58
10	6.7±0.1
1	5.22689
1	6.412583
72	8.38
1	5.786
3	7,4
3	8.227
1	4.8-8.6
1	717
1	7.0-10.0
1	5.314
9	3.54
2	8.52666666666667
10	Y
1	5.031
1	5,01
1	7.5 - 8.0
2	6.645
1	4.219
3	2.16
2	1.95
1	6.92546
2	2.153
1	7.814
5	9.95
1	4.475
4	8.262
4	2.84
1	5.89 0.03
1	4.5-8
1	8.97666666666667
11	3.04
4	4,2
54	6.0
1	7.077145
1	5.662
1	872
13	3.78
4	pH 7.0
1	4.456666667
3	2.35
33	6.30
1	8.112
1	8.578
4	5.5-8.0
2	5.052
1	6.585
11	2.68
375	6.4
62	5.28
1	4.746
1	NA2
1	8,112
63	8.22
1	6 - 8.5
16	3.65
2	5.0-6.5
6	7,25
1	6.0-9.7
5	4.774
1	8.30666666666667
4	2.86
4	8,35
1	7.31358
217	4.6
1	5.598434
2	6.4-7.9
1	5.889
2	1.73
1	5.148562
3	8.794
1	7.608
180	4.1-5.0
1	2.18
55	8.76
24	4.54
2	6.065
1	7.017733
82	7.65
1	7.293
1	9.40666666666667
1	7.327
1	8.683
82	6.48
10	10.7
2	11.7
1	5.686
1	7.7326
1	8.86333333333334
1	7.0 - 7.5
29	4.46
1	4.635
1	5.696391
1	.
1	4.658
2	9.195
1	9.464
26	8.083
1	5.817
1	6,78
7	12.3
1	7.78999996
1	3.547
2	8.80
1	6,55
2	8.5-9.0
41	6.34
1	5.395
25	4.55
5	5.0-8.5
152	6.61
1	5.767
69	6.81
51	3.7
1	5,33
93	5.87
1	3.8-9.0
315	10.2
1	7.100302
17	9.49
5	2.75
1	4,351
1	6.7-8.2
42	8.91
2	4.497
1	6.008124
1	7.167342
8	3.33
1	7.3008999999999995
74	7.76
1	5.8 to 6.3
1	8.90333333333333
630	8.1
2	4.762
3	55
25	3,5
2	10.66
1	741
1	8.705
72	8.039613333333332
127	5.01
1	9.429
1	5.573
18	8.722
1	8.32666666666667
24	3.87
4	7,05
1	5,40
1	4.199
1	6.823333333
1	3.351
20	8.85
1	4.931136
1	5.615534
2	5.293
1	6.82333333333333
889	8
50	4.85
2	6.45-7.14
8	2.85
1	7.31944
6	4.825
1	4.346666667
7	2.82
1	4.592
1	6.204541
2	8.51333333333333
2	8.253333333333334
1	8.286667
1	6.446666667
1	12.06
39	8.77
1	7.5-10.7
1	8.14666666666667
1	7.514
12	8.115
72	6.95
1	7.181191
1	4,325
30	4.47
1	6.723800000000001
1	6.505
2	4,80
1	4.302
2	5.175
1	5.264
460	4
1	5,041
1	5-9.5
1	9.03333333333333
199	7.49
118	6.15
2	7~9
1	7.741
1	6.0 to 8.0
1	6.917515
1	6.432328
98	6.93
13	4.01
86	8.31
30	4.82
1	6.5-7.0
1	6.566
1	8.905
1	7.47804
1	5.885052
1	5.05000019
2	6.69125
1	6.843333333
1	878
1	5.178
1	4.381
30	4.48
2	7.043
1	5.7-6.7
75	5.98
1	4.401
1	924
3	2.48
2	8.225
1	7,6
1	3.458
3	4,6
20	6-9
1	6.863333333
13	2.6
93	5.64
1	5.401421
1	9.75666666666667
4	8.286
1	4,81
126	8.12
631	7.7
43	5.05
7	2.02
12	8.93
3	2.56
70	7.38
4	8.392
3	2.22
1	5.933
1	5.528
1	4.807
52	7.28
1	18
1	7.0-7.5 um
49	5.76
2	1.62
1	7.75666666666667
1	10.27
1	6.5-7.3
1	8.405
1	6.97408
1	7.787
1	7.14888
1	8.236667
1	3.409
6	5.626666667
1	7.344
2	9.62
1	9.773
1	12.24
1	5.511
57	3.6
1	7.015312
2	7.862
12	3.37
9	11.9
1	1.29
54	6.43
1	8-12
43	8.39
2	4.368
1	7.38664
4	5.465
103	8.13
3	8.655
1	5.623575
60	8.0
2	973
1	6.898979
1	5.206666667
1	6.704196
1	8,19
1	3.217
792	7.5
71	7.93
1	7.5712
3	5-7
1	28.9
1	6.98000002
9	3.12
16	2.92
5	6-7
13	5.925
2	9.40
1	8.613
4	2.93
1	6.6 to 8.2
1	7.89666666666667
1	5.363143
1	6.702758
1	8.3 (±0.3)
190	6.01
1	5,231
98	6.58
2	2.45
4	NM
1	7.26000023
1	5.961
1	4,415
1	4.555
1	5.323333333
131	6.67
1	8.661
1	5.70
1	5.61601
12	2.89
4	pH 5.7
1	5.595
2	6.075
36	5.12
104	6.06
25	4.73
130	6.91
1	5.073333333
5	10.0
1	7.971
18	3.84
1	7.951
1	4.224
123	6.25
47	8.82
1	5.894
42	4.57
10	9.09
1	5,71
38	8,88
1	7.767
1	5.11±0.19
2	7.67999983
6	2.39
1	6.796667
1	5.880501
45	6.39
2	8,25
1	4.762466
42	5.84
76	6.29
1	8.214
1	7.36999989
4	2.66
1	907
1	6.913456
78	8.29
1	4.582
1	4.693333333
2	1.21
1	7.035502
1	12.35
1	9.23666666666667
2	6,2
2	8.631
3	9.32
1	4.036666667
2	9.97
1	8.96333333333333
1	1.54
1	5.190392
1	12.27
1	7 - 8
1	5.454
1	0.6
1	9.67
1	5.289
2	8.394
3	7.90
1	2.567
42	7 ± 0.15
25	4.08
1	7.95666666666667
1	7.725
1	7.106666667
5	9.12
8	6,5-7,5
1	5.871
75	8.24
1	7.405
1	5.524
1	8.048
37	5.62
2	1.11
1	4.5 - 9.0
2	3.405
1	7 - 8.5
11	3.27
1	6.550019531
1	4.962
3	12.49
1	8.93666666666667
1	7.552
2	8.499
235	4.5
1	7.1769
1	8,107
1	7.98999977
1	7.304344
104	7.66
1	3.936
1	8.82333333333333
614	6.9
2	7.945
3	1.91
1	4.066666667
1	4.802
1	7.071513
1	4,82
1	10,762
2	9.57
1	9.974
8	control
1	5.921
1	7.5452
1	6.107376
65	8.65
1	Moderately alkaline
1	8.51 +/- 0.12
1	3.30
52	8.33
1	8.352
1	5.5525
1	6.5-9.8
1	6.235
1	6.5 - 6.7
126	7.54
2	9.541
4	9,0
12	8.082
78	6.56
1	6.313935
7	2.09
2	7.947
2	6.207
1	4.195
5	6.82-7.67
1	1.48
1	6.872335
1	8.667
1	4.2-8.3
3	8.395
1	4.007
1	3.565
1	8.24333333333333
1	5.854248
8	3.93
18	6.40
53	5.13
1	5,32
19	4.91
48	Ambient-pH
1	8.71666666666667
1	8147
2	1.41
5	9.43
7	8.121
10	nd
16	4.13
1	7.30
17	unknown
1	7,353
1	10.08
2	8.737
87	7.22
2	7.323
100	7.91
1	4,357
1	10.725
1	5.164949
1	9.96
1	8.365
3	7.80
2	8.609
4	6-11
1	8.48333333333333
1	6.79525
1	2.32
165	8.06
1	6.836666667
1	9.869
13	7.642
83	7.01
1	11,744
1	7.81333333333333
1	8.033
1	9.585
1	4.004
47	7.26
1	5,80
58	7.29
1	8.483
2	8.864
14	8.078
2	11.1
1	7.55333333333333
1	4,11
1	9.05333333333333
1	8.005
2	8.288
2	8.901
7	3.22
1	6.662482
1	5.7 - 6.1
19	8.95
2	10.51
10	3.73
1	5.645
19	9.0
1	7.282
1	6.128
48	5.27
1	4,9
2	4.901403509
1	6.203242
1	10.032
1	4.659
2	11.04
1	6.64292
27	5.49
30	5.23
1	9.35666666666667
1	6.89949
1	6.247668
1	6.067
1	8.66666666666667
1	6,54
1	8.953
1	8.198
13	3.52
35	Missing: Not collected
1	6.4-7.8
2	8.723
1	5,874
1	7.703
192	Missing:Not reported
1	5,412
17	8.99
2	5.838
2	6.5 - 7.0
48	5.45
1	4.0 - 4.5
85	7.58
1	6.672792
1	6.027
12	3.45
163	8.01
1	2.9-3.0
38	5.09
1	6.605531
1	8.213
1	6.199
20	4.23
1	4.5-8.5
8	11.6
1	8.67666666666667
1	9.399
1	4.836
1	6.062
1	7.039781
5	9.53
13	9.11
2	6.32000017
187	NOT APPLICABLE
1	5.716011
1	5.215
40	5.74
1	7.789
1	4.818
1	9.945
2	4,56
1	107
1	8.67333333333333
1	7.0-13.0
51	7.36
1	4.736666667
1	5.993
1	8,088
2	8.137
1	5.352
1	5.419279
1	5.6-8.4
1	4.676666667
223	7.47
6	7.00
5	2.33
68	4.84
1	1.02
99	9.3
1	NA3
2	6.865
1	2.727
1	10.003
35	4.96
104	4.98
2	8.445
1	5.042457
1	6.783180000000001
1	5.505
2	7,33
1	5.354503
1	8.0-8.5
1	7,219
101	7.11
1	4.902
8	9.98
1	5.426
1	5.896
1	6.857
50	initial pH 7.6
2	8,3
2	6.826666667
10	5-9
2	7,61
1	88
2	5,18
85	5.65
8	9.13
16	4.53
2	5,43
1	5.716
26	4.06
28	4.79
24	5.2 ± 0.1 (S.E.)
1	3.453
39	4.62
1	6.373
82	7.71
3	9.65
3	9.76
1	6.6 - 7.3
1	7.100397
1	6.890836
28	4.05
60	6.54
1	5.11833333333333
2	8.19999981
1	6.7877
1	8.857
1	817
62	7.31
1	6.61324
148	6 pHDIW
2	8.758
1	5 - 6.2
1	9.27333333333333
1	5.479
7	3.25
1	5.375
53	6.17
1	8.079999925
52	8.08 +- 0.21
18	8.139
106	5.67
854	not collected
1	823
2	8,4
1	7.803
1	1.09
2	6,89
1	5.8-11
1	5.540746
1	5.7-10.0
1	9.668
12	6-6.5
18	8.164
1	6.576442
11	3.23
1160	9.9
1	5.576
5	8.06000042
8	8.156
2	7.867
1	7.05432
1	5.4075
1	8.418
21	4.43
1	2.0
2	6.773333333
1	37855
5	3.13
3	1.14
1	7.445600000000001
1	9.86
1	6.676252441
2	11.29
1	5.612
1	3.828
1	7,62
2	9.23
9	3.82
1	11.84
8	2.95
262	10.1
1	1.49
5	5.795
1	5.656
1	7.351039999999999
46	5.33
4	1.7
1	8.46333333333333
1	4.455
4	7.3-7.6
1	4.084
1	6.88087
2	5.365
1	5.406
66	8.54
1	6.561028
1	7.05078
97	8.05
1	4.623
1	4.514
1	5.765
2	6.603
60	3.4
2	8.20333333333333
1	8,5
1	9.104
1	7.922
1	3.425
1	7.825
35	5.47
1	4,31
1	7.755
7	12.46
1	8.658
71	6.78
7	2.57
3	4.966
2	6,71
1	7.086667
6	6.673333333
78	5.79
75	6.44
1	7.23333333333333
2	9.294
1	6.107
3	11.91
1	5.195
1	6.92064
1	4.483333333
4	8.234
1	7.572
1	6.127
92	6.71
2	5.484
1	7.31244
1	5.3-6.2
1	5.745
1	7.92000008
1	4.00
1	4.986
1	6.333966
10	4.34
2	3.50
2	8.289
13	3.43
1	4.456
46	5.71
1	3,33
2	9.35
3	2.19
2	6.678
5	2.62
1	5.488
1	4.5-12.0
2	-0.08
1	5.7 - 6.2
12	8.163
1	5.5 -7.5
1	7.27374
1	3.348
1	5.11±0.17
1	6.809686
49	6.42
1	8,52
1	7.265
6	8.308
29	5.29
1	5.000199
2	6.735
1	7,42
1	5.012
1	7.325857
1	8.188
1	10.98
3	5,60
1	7,16
1	5.967
1	5,30
28	4.63
8	8.135
11	3.96
1	7.50666666666667
1	7.761
16	9.41
10	9.03
1	5.667318
1	8.0729
1	5.5-12.5
1	5.10
6	5.5-9.0
1	6.05999994
15	3.98
1	5.512
1	5.674873
1	5.971379681
1	6.422
1	11.93
45	6.28
10	9.04
1	9.055
39	9.1
1	4.273
1	6.191498
9	3.97
1	3.205
2	7.956666666666667
140	4.6-6.4
1	5.038
1	6.342
1	4.081611111
1	3.966
1	4.484999999999999
1	6.9713
3	6.375
2	6.348
83	5.03
1	7.605
219	0
3	9.73
1	5.382
1	7.07602
2	7.322
1	5.728
1	6.83862
73	7.56
2	10.23
1	737
1	8,148
1	8.40
2	8.34333333333333
1	5.665
1	8.511
2	6,76
2	6.125
119	Not applicable
1	5.6 - 10.1
1	4,425
1	10.14
1	5.316
46	8.83
1	3.5 (±0.1)
111	6.69
15	9.07
1	8,03
53	5.81
83	7.09
1	5.260321
42	8.55
39	5.36
1	5.428
6	2.03
1	8,6
1	5.919
70	7.59
6	4.0
1	Not Measured
1	7.732
2	8.638
130	7.85
1	8.0-10.2
1	8.06333333333333
2	4.2 - 8.2
1	9.697
1	5.11±0.14
10	2.1
2	6.555
3	7.821538165029
69	6.36
1	5.147
126	4.9
1	8,07
1	11,667
61	8.62
1	7.86666666666667
1	3,41
25	4.66
28	8.69
11	7-8
1	5.733
1	8.577
1	4,795
97	8.15
1	5.216
1	5.905442
1	4.949077
1	5.836162
1	8.523
2	5.935
2	5,16
1	4.994
5	8.60999966
1	7.38333333333333
2	6.003
2	7.0 - 8.0
16	8,5-9,5
1	7.4-7.6
1	11,449
1	8.1-9.1
1	7.98333333333333
1	1.53
22	4.09
1	6.80999994
15	10.5
2	7,11
1	7.6-7.8
1	4.552
100	8.14
1	4,40
1	6.285
1	5.11±0.18
1	9.11333333333333
73	7.77
74	4.86
27	6.967
1	4,28
2	5.995
1	9.978
1	3.394
10	3.41
6	6.02±0.24
1	5,574
1	7.749
1	4.7 - 8.8
1	6.755869
50	5.48
93	5.77
1	7.966
278	5.7
2	6.83-7.68
90	7.84
1	8.51666666666667
1	4.2 - 7.2
88	7.06
1	4.569
1	5.322
1	6.144
1	5.6-9.8
58	7.42
2	7.977
1	6.46000004
1	8.74666666666667
1	6.681529
1	7.667
5	2.24
1	8.698
1	5.581674
3	1.94
114	7.0-8.0
1	5,66
1	5.8 to 6
1	7.4703
1	6.115
1	8.369
1	8.39666666666667
132	5.83
2	8.738
1	6.5-6.8
1	7.3997
1	7.675
1	8,43
1	7.603
1	5.032
2	8.526
1	2.327
45	5.5-6.5
1	10.31
1	6.220288
106	8.09
1	6.655
1	4.169
69	5.99
2	8.435
10	8.98
4	9.25
1	6,912
1	9.019
1	5.953
61	6.53
80	8.16
54	5.0
105	6.94
59	5.06
3	5.945
2	6.815
1	7.183
1	8.21666666666667
83	7.78
1	6.511875
2	4.0-9.5
1	3.766
63	7.51
6	8.30000019
1	7,774
31	9.4 - 11
1	7.04333333333333
6	8.949
1	4.756
2	5-12
111	7.12
1	9.379
1	5.017
2	3.35
1	6.173333333
1	5.735
1	5.615
1	5-8.5
13	6-10
61	6.45
5	8.142
1	10.675
1	5.741796
2	5.525
3	8.10
47	4.65
1	5.036
1	6,39
1	6.15025
75	9.2
115	8.18
3	3.14
104	4.1
1	6.83836
77	5.95
12	8.081
6	3.58
19	4.35
2	4.225
1	6.800751
1	7.063813
1	5,426
10	3.61
1	6,88
1	7.6308
2	8.835
23	3.64
1	7.191
1	5,79
127	9
1	4.478
1	4.085
2	8,31
77	4.67
1	8.0123
8	3.36
14	2.94
1	7,658
1	9.079
1	6.664
1	6.050734
20	3.1
11	3.48
1	4.688
1	8.355
1	7.715
1	9 - 9.5
2	8.21±0.30
1	6.77078
57	6.52
41	5.11
1	6.96779
1	4.495
1	2.0 (orig)
1	5.295
1	4.70
1	7.76±0.20
2	-0.34
1	4.5 - 8.5
1	749
1	5,132
1	6.585233
4	9.74
2	6,86
1	7.4-8.1
1	-0.43
146	8.07
1	5.493
41	6,0-8,0
1	5.509456
235	4.4
1	8.105
1	5.613041
1	4.795
3	9.51
3	pH 6.0
1	4.875
1	8.08666666666667
1	5.8122
41	6.08
3	9.38
2	10.28
1	11,65
2	8.647
1	5.002
2	2.23
1	4.956
6	2.51
1	5.695
2	11.8
3	1.3
1	3,2
7	9.31
1	5.235
1	6.5-7.5
4	6,98
6	8.02logH+
1	6.664879999999999
6	1.93
1	6.2-8.7
1	7.585
53	5.02
1	7.224
1	9.138
2	5.082
1	6.195
1	6.53000021
1	12.1
77	5.58
1	5.11±0.13
1	5.567636
1	5.5 0.03
1	5.904
11	9.05
1	4.421
3	8,14
2	8,45
56	6.31
1	6.775
1	6.337664
77	7.81
138	6.75
2	7,27
1	8.95333333333333
48	5.17
1	6.205
36	4.61
2	8.221
1	6.762248
1	6.99586
3	1.72
12	3.76
1	5.642217
4	6.16366874541386
24	pH 8.1
1	4.346
1	8.284
1	7.0875
1	6.9-7.6
1	6.572436
2	-
64	5.34
1	4.686666667
1	8.165
1	7.65666666666667
17	4.22
1	7.001057
1	6.839999962
11	3.69
1	8.550000195
318	5.9
3	2.59
51	na
215	6.74
1	723
3	8.4847531365695
443	5
171	8.23
1	5.53884
2	5.881
1	7.3026
1	5.11±0.08
1	9.7 (orig)
1	834
19	4.14
1	4,92
1	11 (est)
1	9.717
2	6,69
69	5.25
60	8.61
2	9.77
464	6.7
21	4.32
53	6.57
1	4.364
1	4.113
3	8.66333333333333
7	6.90
4	3,9
1	7.818
1	6.793333333
1	6.7-9.7
3	1.74
1	6.416667
1	7.285
79	4.3
1	5.511063
2	6.275
155	6.82
1	6.66 0.02
1	8.08333333333333
1	7.15976
5	9.75
1	6.8331800000000005
2	7.782
1	10.96
2	15.6
1	4.979
1	8.208
16	8.84
1	5.807
62	7.34
26	{6.6}
1	8.68333333333333
1	5.40809
26	8.94
1	7.5 - 10.2
1	4.138
1	4,272
2	7.005
1	4,8
7	3.66
1	6.866666667
1	6.821194
1	843
1	5.873
2	6.5-8.0
116	7.57
42	5.68
2	5.908
1	4,185
1	5.196
2	8.47333333333333
1	4,45
1	8,22
6	5.87logH+
1	4.682
2	8.025
30	4.29
1	5.647
1	7.547
2	7.731
1	5.909
1	6,646
1	4.0-8.0
1	6.2-8.9
36	8.79
9	2.76
1	4,87
266	10
1	6 - 10
3	7.5-8
1	5.989515
2	5.825
1	5.0-8.1
1	8.454
4	5.50
3	2.07
1	7.42000008
1	8.769
15	3.3
87	5.52
2	8.657
1	6.24707
2	8.55333333333333
9	6.8-8.2
32	5.7 - 6.9
2	8.83333333333333
1	6.634377
2	6.53999996
1	11.79
5	0.8
1	4,65
8	9.27
1	7,1
3	8,38
1	3.325
1	-0.95
6	7,94
72	6.22
1	10.12
1	7.756
68	7.33
46	7.04
1	5.69999981
71	8.32
1	4.594
1	6.975699
8	5.924
8	3.09
1	5.072222222222221
1	4.172
1	5.034
2	6.0-8.5
1	-0.53
4	1.97
4	9.45
1	12.12
1	805
1	5.385
1	735
1	8.717
3	9.47
162	6.05
1	9.16666666666667
2	7.852
117	6.66
7	7.5-8.0
1	849
1	3,31
15	9.7
3	3.485
1	841
1	4.8 to 5.4
278	8.5
1	8.98333333333333
42	6.37
1	5.8-10.0
1	5.3-5.5
1	6.623543
1	7.27666666666667
45	7.48
1	5.981154
93	6.38
1	7.801
1	7.40286
60	4.44
23	8.66
68	6.98
1	6,83
1	8.245
53	6.49
11	3.28
14	2.4
2	8.995
131	7.79
1	7.425
1	7.45146
1	8.047
843	7.8
1	4.551046671
1	1.85
21	3.99
1	7.895
2	6.037
2	6.593
462	8.2
1	7.275179
2	8,1
107	5-8
3	4.936
2	7.015
1	6.618514
4	2.58
1	5.3 - 7.6
1	12.6
1	7,77
1	7.246896
1	7,15
20	9.02
3	6.665
20	4.19
77	6.55
2	1.6
1	7.539
1	9.50333333333333
1	79
55	6.87
29	6.961
1	4.822
62	6.88
1	5,074
1	7,87
69	7.17
1	8.829
1	6.496
80	3.91
1	4.928
1	6.36666666666667
1	7.641
44	5.22
1	5.11±0.09
1	7.533
60	4.92
198	5.1
4	12
1	8.531
20	No data
1	5.11±0.15
2	2.13
2	4.213
1	8,41
6	2.46
4	1.68
11	2.96
1	6.5 - 8.0
1	9.2 to 10
6	2.63
3	9.46
1	6.96862
1	6,77
1	5.02275
6	pH7.8
74	5.39
1	10-10.3
110	10.3
2	8.505
1	6.178214
1	5.402
9	NULL
1	4.253
2	8.716
1	10.4 (orig)
98	6.65
94	6.86
32	N
1	1.4
1	5.963
14	3.42
21	7.936923077
2	5.096
1	6.000607
1	7.095846
1	5.33 - 6.66
3	10.97
1	7.433
1	5.664514
1	6.646666667
304	5.2
1	5.882
1	5.939
1	796
2	8.425
1	6.9-7.5
2	6,51
6	5.97logH+
2	1.22
1	9.154
1	7.024923
12	3.71
1	6.188535
1	4,46
2	7.78000021
2	4.625
1	9.6 - 10
3	1.69
1	5.688
6	6.435
2	2.54
230	5.4
61	8.48
1	5.742
1	8.07955
149	8.08
15	3.57
1	4.595
7	10.8
1	9.178
45	5.42
1	4.374
12	3.39
1	8.463
1	6.45 0.02
14	6-8
1	8,552
1	7,45
1	5.004
1	5.692886
1	8.156667
1	5.677
3	8.54666666666667
3	6.915
1	4.436
2	9.033
4	2.99
1	5.68272
1	3.363
1	6.951201
1	3.805
6	3.15
3	pH 3.0
1	10,713
4	2.08
6	7,89
2	5.965
1	5.509617
1	3.2-3.6
92	4.76
3	5.5-8.5
1	6.997
2	8.678
4	2.37
1	6.528557
116	6.89
4	2.78
5	9.93
1	8.0-12.0
1	10.739
1	4.794
88	8.17
1	5.072
1	5.11±0.16
1	6.214
194	7.89
1	4.983333333
5	pH7.4
1	5,65
3	7,5
1	6.3-8.0
1	8.84333333333333
1	6.648588
3	5.8 to 6.2
93	4.99
1	832
1	4-10
6	7.525
4	9.16
2	5.755
1	8.3 to 9
1	5.685
1	5.854
10	3.75
1	7.5695
1	9.66
1	6.780001965
14	5.20
1	7.13999987
2	9.69
1	5.985
9	2.28
1	7.032
3	2.72
1	5,5
26	4.04
1	8.175
437	5.5
1	11,236
2	1.16
6	8.18logH+
1	7-7.2
1	5.253817
1	0.87
1	1.61
1	7.057
97	6.12
1	4.903333333
2	5~7
1	7.645
11	11.4
75	8.53
18	8095
1	4.574
1	3.487
2	-0.55
1	6.316565
12	7.786
1	8.273
153	8.04
1	752
10	3.06
1	7.969
1	6,764
1	4.784
1	874
1	8.87666666666667
1	10.051
2	6.425
1	5.059657
180	7.25
661	not applicable
2	8.80666666666667
1	4,76
1	909
114	7.23
73	5.54
1	5.282489
1	9.764
1	5.973564
1	11.38
1	7.097715
37	7.13
75	7.43
1	7.975
1	5.441494
1	1.56
1	9.79
1	3.349
2	8.116
3	6,61
1	6.427
1	6.336666667
37	8.71
2	5,6
1	7.651
17	not colected
1	6.746666667
2	5.252
1	3.933
1	5.542076
1	6.974868
1	7,86
45	5.59
1	6,426
7	6.5-8.5
1	6 - 8
99	5.56
6	7,88
78	4.41
11	2.91
1	5.923
1	5.34624
1	8.571
2	6.8-7.2
97	8.02
2	6.397
6	ambient
57	8.41
1	858
1	6.166
1	9.15333333333333
1	4.144
1	3.874
2	5.5-7.5
1	7.30488
2	10.9
4	6.70
2	6.838
2	7,57
18	Not available
19	4.71
1	7.833
1	8.123333
1	6.82244
1	9.96333333333333
1	6.671273
7	8.97
1	4.615
24	3.86
1	6.379915
1	9.656
35	3.47
2	12.52
2	6.583
1	6.021135
6	3.19
12	8.131
1	7.2082999999999995
1	5,762
1	5.033333333
1	6.82748
35	5.24
1	5.9-9.0
2	6.597
1	6.865167
1	5,294
2	5.255
1	4.952
1	4.804
1	10.67
1	7.001
1	9.035
1	3.5 - 9.0
1	7.14847
1	6.519982
1	6.876667
141	7.41
1	5.138
1	5.053
1	6.947469
1	8.301
1	8.69333333333333
73	7.73
206	8.4
14	3.21
1	5,24
2	12.26
1	8,131
1	1.35
1	7.002
2	6.71318
1	7.118514
2	8.615
1	6,01
12	8.423
1	6.587
11	3.55
51	Unknown
1	8.347
1	5.500511
4	6.675
99	7.97
48	Elevated-pH
1	6.333
1	7,7
8	7.50
1	9.88
18	4.02
15	4.07
1	5.927
1	Strongly acidic
24	5.1 ± 0.1 (S.E.)
1	6.5-9.0
1	8,06
29	5.89
1	9.739
1	7.952
2	8,17
58	8.56
1	7.551
1	9.11±0.19
10	3.72
3	2.36
1	5.287054
24	4.56
1	8.711
1	4.086666667
1	5.174
7	6,3
1	5,31
4	8.10000038
1	4.852
1	3.8 to 4.4
41	8.34
4	9.48
2	4,78
2	1.33
13	3.44
1	7.723
1	12.395
1	5.712
1	11.92
1	7.478
1	6.1-7.5
4	5.066
1	5.736943
2	10.03
1	3.265
6	7,98
26	3.2
1	9.709
1	8.478
800	missing
2	8.144
2	7,503
49	5.21
1	10.102
2	7.98666666666667
76	6.32
4	12.37
4	6.475
1	12.05
1	5.11±0.11
1	7.776667
119	7.15
47	#N/A
1	5.692
1	5.861088
1	7.0-7.6
2	5.5-9.5
1	8.75333333333333
77	8.28
1	6.635118
91	7.64
116	5.85
1	7.583
49	8.44
1	6.94999981
1	7.154392
20	4.15
1	9.68
104	5.16
1	6.085726
1	7,575
1	missing; 4.54
1	5.591913
116	5.15
1	3,32
2	4,4
1022	7
81	6.19
1	5.274
13	4.16
11	3.02
1	10.034
95	5.94
1	9.257
5	5-6.5
3	4,24
2	5.278
5	2.06
62	6.46
2	7.844
2	6.796666667
1	6.980272
1	7.7206
3	5.895
2	8.729
1	7.762
2	7,2
1	4.158
65	5.08
1	3.4 (±0.2)
27	3
1	6-9.5
3	6~7
12	4.25
56	7.07
1	5.482768
23	8.59
8	3.24
2	6.695
1	7.133951613
1	9.042
2	6.438
1	5.11±0.12
24	9.7 - 11
2	6.0-10.5
1	10.37
1	6.1-8.2
26	4.39
139	5.92
12	8.113
2	7.817
6	7.05logH+
1	8.589
1	4.895
2	7.137
1	10.17
97	7.67
1	1.38
2	8.20
1	5.13000011
1	4.774872229
3	4,1
1	8.72666666666667
1	7.165
1	7,48
1	6.939
1	5.811849
1	6.238208
1	7 - 7.2
2	8,23
2	2.7
88	6.09
2	2.34
1	0.86
55	8.67
70	4.94
1	8.218
2	8.81333333333333
1	5.637257785
1	5.34000015
2	8.49666666666667
120	8.3 � 0.1
116	7.52
53	5.78
1	4.284
1	8.345
1	6.8-8.0
1	5,697
1	10,379
1	1.17
1	6.874415
44	5.86
1	5.226
27	4.59
1	6.306667
3	7,06
1	7,60
3	5.514
1	9.973
96	7.05
1	9.0 - 9.5
5	7.40
46	6.99
1	1.64
1	6.456
6	pH 4.8
12	8.201
1	6.4 to 7
25	4.21
97	7.27
1	8.807
1	2.587
1	7.475
1	7,221
78	7.63
1	9.368
9	3.46
1	6,29
1	4.964
1	5.333
3	1.82
1	8.08055
1	4.868
77	8.27
1	6.413
6	5.31±0.10
1	11.35
1	7.35333333333333
1	3.343
1	3.996666667
1	1.58
32	4.37
54	6.03
2	7.24-7.61
5	3.34
3	5.815
2	8.727
65	not measured
3	2.14
1	7.0-11.0
83	5.96
29	8.57
1	3.936666667
1	6.851512
62	5.61
1	5.404438
1	5.2-8.6
1	7.2-7.6
2	6.9 to 7.1
26	7.093
1	8.32333333333333
2	8,373
2	5.285
4	1.8
1	8.735
1	6.215
1	7,93
1	7.884
1	8.013
1	4,312
1	6.3-9.8
2	8.625
1	7.197640000000001
1	8.11122
4	8.097
1	8.335
1	5.358
29	6.891
1	6.5 - 7.5
1	4.406666667
1	7.776
3	10.84
44	5.43
1	7.9909
1	7.773
90	7.14
119	5.53
1	5,323
1	8.315
1	6.254
1	7.821
5	1.9
1	6.7-8.0
1	5.07999992
2	2.27
1	8.847
1	7.697
1	10.06±0.35
1	1.76
33	4.69
18	3.81
60	4.64
1	10.82
1	4,93
10	9.29
1	4,381
1	5.551
1	8.34666666666667
2	4.335
2	3.495
15	9.4
1	6.139276
1	4,99
1	7-11
1	6,8
10	3.83
3	7.983
119	6.72
1	7.9000001
1	4.685
28	9.8
1	6.337
1	8.8 - 9.7
2	5.27333333333333
1	4.257
2	4,5
1	9.168
13	2.5
7	6,0-7,5
1	6.723512
1	5.40
1	5.324
1	8.0764
1	10.001
1	6.838071
46	5.57
1	6.9 to 7.8
3	6.635
2	-0.51
7	2.2
81	6.85
1	11,874
273	5.3
1	7.4734799999999995
2	6.365
16	3.92
1	10.19
1	3.149
1	6.734864
10	3.67
7	5-10
16	4.36
46	4.88
3	6.84-7.69
1	5.16829
57	5.35
4	1.2
1	6.035
2	5.977
1	5.114
1	10.3 (orig)
1	4.056666667
1	8.47666666666667
1	3.7-7.1
4	2.77
1	6.621745
1	5.248
1	5.608292
1	12,046
2	8.52333333333333
93	6.77
93	5.46
40	5.66
1	5.5-11.0
5	2.79
84	7.88
31	6.777
1	3.354
76	7.18
1	5.866
2	11.68
25	4.68
1	5,841
1	4.015
2	3.967
1	4.913519
1	5.109
1	0.7
46	8.45
1	864
2	8.39333333333333
2	5.00
2	6.875
38	5.73
2	7,67
2	8.59666666666667
1	12.63
6	2.38
1	4,431
1	5.354
2	8.277777777777779
1	5.429714
28	4.42
2	8.171
1	6.94292
1	5.86000013
92	7.75
1	6.622428
1	8.19666666666667
22	3.74
1	9.984
1	5.915
1	6.540555
1	5.5-11
1	7.8-8.6
1	7.004
113	7.72
1	7.2999
6	7.62logH+
1	4,.3
1	7.691
1	5,78
14	9.28
2	8.279
1	6.023818
1	6.2 (±0.2)
59	N/A
1	7.170073
53	7.37
7	2.67
2	8.616
2	8.744
1	7.752
1	6.916129
1	7.955
1	822
3	4,3
1	10.349
1	4.821448657
34	6.835
1	7.6808
1	5.867
3	6.025
1	1.47
2	10.04
130	7.94
13	3.32
1	8.545
1	4.501
2	837
1	5.913
4	2.31
1	4.831
2	6,93
34	8.47
1	5.607833
1	6.557179
1	10.037
34	8.63
1	28
123	7.96
1	8.44666666666667
1	5.563
1	5.819175
3	1.26
59	4.89
2	6,66
52	3.5
1	4.366666667
2	8.75666666666667
1	4.231
95	7.35
1	3.175
1	6.5 - 8
16	2.9
5	9.54
1	3.5-4
338	6.3
2	6.0-7.5
100	5.26
48	4.52
1	around 7.5
1	6.563333333
4	7,3
1	5.484827
1	5.93438
2	3,4
14	8.477
1	5,50
90	8.75
10	4.31
1	8.82666666666667
5	2.49
1	4,362
49	5.32
1	5.782
4	3.0
66	5.82
1	4,369
1	9.01666666666667
1	9.937
1	6.896469
1	5.953333
1	6.3455
2	5.334
1	4.8 0.08
8	3.18
1	7.859
1	6.936504
1	6.8 to 7.6
1	7.84666666666667
1	7.101466
1	8.042787413
1	4.698
1	8.263
8	3.26
3	9.21
1	5.735416
1	5.985192
14	9.6
41	5.37
1	11,506
1	11,249
1	786
1	5.470416
1	8.85666666666667
1	86
1	6.087
1	6.998
1	5.5-10.0
1	7.702
1	4.8 - 6.8
1	6.055686
24	8.81
2	8.375
1	11.12
7	9.37
1	6.876906
1	4.467
1	7.827
1	10.053
2	7.795
1	8,51
1	4,209
2	7.979
1	7.5 - 7.9
1	5.723457
58	6.97
3	11.26
1	7.72333333333333
3	6.80-7.65
1	6.622732
1	4.9-6.8
307	5.6
58	6.23
3	2.12
1	3,51
73	8.26
40	4.45
1	7.01928
153	4.8
117	7.08
1	7.78333333333333
1	3.496
7	3.17
4	4.60
1	898
28	4.27
460	6
1	5.1-8.0
1	3.945
23	4.49
1	8.0718
1	10.016
21	3.95
1	4.264
1	5.309818
52	5.51
100	8.8
27	4.26
2	1.83
2	7.785
2	6.01000023
1	6,79
1	4.5-7.0
1	6.721931
3	2.42
1	4.152
112	6.92
1	6.962245
8	9.14
5	7.76000023
1	5.937617
1	7.169
2	1.78
1	8.203
78	7.03
1	60.46
1	6.747757
4	11.3
3	8.53666666666667
1	7.189760000000001
1	4.4 0.09
1	6.833333333
42	5.31
5	7,41
1	4.494
25	4.28
1	6.455
1	6,47
1	6.923736
12	1.5
99	6.11
53	4.87
34	4.72
2	5.184
1	5.948
1	6.257622
1	6,73
21	8.229
9	10.65
1	5.17000008
4	1.99
71	6.02
1	6.354
1	6.769902344
1	2.547
3	7..41
1	7.0 - 7.2
1	5.830304
1	5.0-10.5
7	8.96
1	4.30
98	8.25
1	4.568
1	7.09204
3	2.52
1	8.681
1	775
1	6.3-8.5
3	4.598
1	4.518
36	8.51
1	9.20333333333333
91	7.53
2	8.265
108	6.04
7	8.00
1	5.5-9.7
1	6,7
1	4 - 4.5
8	7-9
4	9.56
106	7.45
2	5.92000008
2	7.897
1	0.72
1	4-4.5
86	5.93
130	6.73
1	5.1-9.1
1	6.659822
2	1.52
1	6.6 - 7.5
1	5.384
2	12.25
1	37,872
1	7.772
1	4.154
1	8.679
1	5.850051
1	6.0-9.0
2	8.10666666666667
5	5.60
2	4.934
1	5.297
1	75
1	4.969013992
3	8.585
1	5,44
1	7.2607800000000005
1	6.52934
11	9.06
1	9.525
1	5.122958347
1	3.569
255	4.7
1	6.133
1	8.399
10	10.6
1	5.5-12.0
3	1.71
