301	not collected
292	NA
180	TOC analysis Shimadzu
169	not applicable
110	Missing: Not provided
87	missing
57	6.1 g/kg
57	4.8 g/kg
56	4.2 g/kg
49	3.2
45	10-18
44	5
43	% w/w
42	13.2
40	69
35	1.9
34	15.5
33	3.5
33	26.7
33	4.4
33	1.2
33	14.7
32	0.9
32	LECO Trumac Analyser
32	5.3
31	2.1
27	4.1
27	1.8
26	12.05
26	9.84
26	15.01
26	16.39
26	8.2
26	0.0
26	1.3
24	14.7 g/kg
24	13 g C/kg
24	1.1
23	6.9
22	1
22	2.7
21	N/A
20	0.23
20	22.9
20	1.1%
20	1.4
20	26.2
20	5.5 g C/kg
20	15 g C/kg
20	0.1%
19	1.6
19	50.2
19	16.5
19	0.2%
18	103.3
18	24.9
18	3
18	2.23
17	60
17	2.5
16	2.8
15	54.02
15	107
15	48
15	57.04
15	1.5
14	3.1
14	83
14	108
13	19.2
13	44.80
13	159
13	116
13	75
13	65.95
13	68.74
13	1.68
13	48.64
13	44.16
13	65.18
12	68
12	0.16
12	2.40%
12	1.32
12	3.31
12	136
12	5.7
12	4.32
12	109
11	2.56
11	98
11	88
11	2.4
11	0.3%
11	106
11	65
11	170
11	130
11	1.09
11	120
11	0.8
11	1.2%
11	2.55
10	2.45
10	4.8
10	69.19
10	6.1
10	82
10	5.1
10	61.61
10	1.98
10	204.72
10	2.37
10	5.0
10	40
10	129
10	36
10	2
10	4
10	43.53
10	118
10	100
10	2.9
10	39
10	125
9	224.7
9	10.5
9	1.7
9	798.1
9	2.10%
9	2.35
9	962.48
9	81.41
9	67.26
9	2.3
9	1.7%
9	2.09
9	2.75
9	87
9	805.16
9	2.59
9	117
9	110.65
9	270
9	0.9%
9	4.9
9	34
9	0%
9	41.33
9	93.46
9	52.04
9	794.46
9	1.17
9	3.8
9	42.02
9	6.74
9	0.43
9	34.39
9	ND
9	0.1
9	2.15
9	764.25
9	37.34
9	2.44
9	2.27
9	0.4%
8	163
8	26.7 g/kg
8	32
8	171
8	1.07
8	1.63
8	50
8	22.6 g/kg soil
8	1.75
8	3.02
8	10.1 g/kg
8	20.1 g/kg
8	3.19
8	1.83
8	2.86
8	1.84
8	6
8	46.7 g/kg soil
8	2.69
8	25.8 g/kg
8	500.73
8	30
8	64
8	17.3 g/kg
8	1.8%
8	24 g/kg
8	25.9 g/kg
8	1.54
8	5.7 g/kg
8	13.4 g/kg
8	91
8	15 g/kg
8	2.63
8	26.6 g/kg
8	15.4 g/kg
8	2.36
8	1.39
8	148
8	18.6 g/kg
8	5.6
8	0.61
8	19 g/kg
8	15.9 g/kg
8	52
8	1.38
8	27.7 g/kg
8	10.2 g/kg
8	151
8	126
8	23.6 g/kg
8	54
8	7
8	21.5 g/kg
8	4.07
8	18.7 g/kg
8	271.5
8	30.9 g/kg soil
8	14.2 g/kg
7	1.12
7	274
7	4.3
7	1.28
7	2.71
7	2.93
7	0.5
7	2.54
7	3.18
7	0.7
7	44
7	11.5
7	10
7	63
7	194
7	160
7	2.12
7	3.47
7	156
7	94
7	3.7
7	124
7	0.08
7	121
7	3.94
7	5.2
7	1.10%
7	181
7	1.55
7	1.77
7	4.73
7	89
7	1.66%
7	55
7	1.6%
7	14.1
7	61
7	1.9%
7	2.18
7	150
7	2.08
7	1.96
7	1.46
6	15
6	0.04% w/w
6	18.5
6	0.116523635
6	2.87
6	174
6	154
6	18.8 g/kg
6	15.8 g/kg
6	3.54
6	0.085268165
6	11,2
6	2.49
6	1%
6	0.026052395
6	4.01 ppm
6	4.77 ppm
6	2.22
6	104
6	46
6	6.96
6	17.9 g/kg
6	5.9
6	2.78
6	4.5
6	1.4%
6	10.7
6	0.06
6	14.1 g/kg
6	1.3%
6	4.87 ppm
6	1.14
6	0.039622235
6	2.46
6	1.15
6	1.38%
6	0.21
6	2.071
6	0.066389675
6	7.9
6	208
6	0.090441455
6	0.037748345
6	16.7
6	111
6	10.57
6	14.6
6	429 milli-gram per 1 gram dry soil
6	0.15
6	0.059913545
6	9.5 g/kg
6	2.50%
6	0.51%
6	2.62
6	19.1 g/kg
6	0.146302835
6	142
6	191
6	195
6	0.035997125
6	0.066478505
6	10.5 g/kg
6	4.80%
6	3.68
6	2.88
6	17.7 g/kg
6	17.2
6	8.5
6	33
6	149
6	2.74
6	0.086875565
6	2.16
6	70
6	1.19
6	0% w/w
6	10.1
6	3.50%
5	127
5	6.04
5	17.1
5	2.32
5	17.3
5	998
5	7.7
5	0.84
5	38
5	4.34
5	110
5	3.34
5	21.5
5	140
5	8.1
5	1.75%
5	145
5	13.9
5	3.03
5	1.14%
5	1.37%
5	2.38
5	0.38
5	173
5	4.7
5	157
5	57
5	133
5	90
5	14.2
5	4.57
5	253
5	1.48
5	18.8
5	5.25 ppm
5	18
5	1.35
5	3.74
5	2.0%
5	1.03
5	0.47
5	12.4
5	2.66
5	28.9
5	27.5
5	4.71
5	10.6
5	9
5	31
5	13.4
5	5.104
5	3.51
5	1.64
5	3.6
5	2.91
5	119
5	2.34
5	17.9
5	0.12
5	3.28
5	1.74
5	0.27
5	22.8
5	226
5	143
5	13.6
5	67
5	76
5	73
5	1.0%
5	0.21 % DW
5	105
5	11.6
5	141
5	92
5	1.28%
5	86
5	3.42
5	2.05
5	3.33
5	1.49
5	1.42%
5	0.02
5	185
5	20
5	2.84
5	15.7
5	38.4
5	2.07
5	2.61
5	.
5	2.3%
5	35
5	0.24
5	3.36
5	139
5	0.03
5	2.26
5	1.23
4	33.9
4	2.73
4	59
4	2.41
4	168
4	12
4	1.92
4	144
4	1.25
4	9,81
4	1.78
4	0.185 % DW
4	6.0
4	4.2
4	11.21
4	207
4	14.8
4	0.89
4	3.3000000000000003
4	6.159
4	3.11
4	84
4	10.93
4	244
4	1.293333333
4	6.656
4	5.71
4	5.52
4	2.99
4	202
4	9.4
4	0.74
4	0.19
4	1.79
4	3.64
4	0.005
4	3.98
4	4.97 ppm
4	1.76
4	6.446
4	2.97
4	1.61
4	11.4
4	3.145
4	12.7
4	26.37
4	23.2
4	0.68
4	16.4
4	3.25
4	2.64
4	1.18%
4	6.321
4	2.2%
4	4.066
4	3.16
4	1.20%
4	0.6
4	3.9
4	3.72
4	3.53
4	0.97
4	9.076
4	0.03% w/w
4	2.94
4	155
4	4.47
4	1.85
4	176
4	2.31
4	47
4	3.591
4	15.1
4	8.524
4	49,764
4	2.28
4	1.87
4	4.37
4	13.7
4	12.64
4	19.9
4	13
4	3.36 ppm
4	2.82
4	2.43
4	20.3
4	1.07%
4	14
4	6.543
4	1.94
4	1.51
4	0.92
4	6.371
4	9.5
4	19.5
4	1.01
4	122
4	101
4	1.41
4	14.5
4	14.34
4	6.5
4	44.1
4	0.36%
4	2.33
4	2.53
4	4.99
4	1.27
4	1.5%
4	2.6
4	16.58
4	6.7
4	11.64
4	4.92 ppm
4	4.67 ppm
4	2.03
4	3.968
4	147
4	6.698
4	3.3
4	6.361
4	34.1
4	13.5
4	3.73
4	14.82
4	0.02% w/w
4	4.93
4	45
4	4.991
4	5.5
4	3.29
4	4.18
4	85
4	18.4
4	9.7
4	13.42
4	2.80%
4	18.7
4	80
4	2.2
4	0.82
4	0.795
4	3.01
4	3.14
4	2.20%
4	2.63%
4	5.225
4	3.41
4	0
4	4.593
4	39.8
4	6.8
4	2.48
4	9.59
4	3.35
4	2.96
4	1.56%
3	19.1
3	280
3	112
3	1.18
3	1.79%
3	1.42
3	1.62%
3	30.2
3	5.06 ppm
3	0.22
3	36.47
3	4.24%
3	1.13
3	1.73%
3	0.13
3	436 milli-gram per 1 gram dry soil
3	146
3	19.8
3	4.6
3	51.1
3	47.5344796249691
3	67.4
3	19.6
3	6.051
3	1.92%
3	28.3
3	164
3	2.83
3	16.23
3	1.94%
3	4.06
3	3.46
3	476 milli-gram per 1 gram dry soil
3	64.1
3	3.48
3	18.1
3	0.61%
3	3.88
3	212
3	99
3	17.95
3	5.19
3	1.43
3	0.46%
3	16
3	11.31
3	5.18
3	59.1
3	5.913
3	11.9
3	0.31%
3	11.3 C/kg
3	23
3	0.26%
3	6.855
3	198
3	0.05
3	1.03%
3	14.4
3	0.11
3	12.8
3	2158.333333
3	416
3	15.6
3	169
3	49.7
3	2.702
3	10.04
3	445 milli-gram per 1 gram dry soil
3	3.248
3	5.26 ppm
3	4.75
3	39.3
3	4.33
3	3.93%
3	8.372
3	229
3	11.2
3	71.46
3	9.606
3	21.4
3	0.0%
3	1.37
3	7.94%
3	2.57
3	27.9
3	1.55%
3	66
3	28.1
3	32.8
3	2.339
3	8.444
3	19.67
3	10.64
3	1,1%
3	6.89%
3	6.742
3	1.90%
3	6.88%
3	27
3	350
3	45.7
3	4.096
3	9.38%
3	205
3	4.903
3	235
3	18.39
3	16.9
3	1,6%
3	1.69
3	1.16%
3	22.1
3	7.4
3	16.3180284582661
3	10.26
3	24.15
3	24.6
3	51
3	1.33%
3	1.29
3	2.364
3	3.21
3	10.8
3	11.8
3	0.74%
3	245
3	1.44
3	3.33%
3	57.4
3	5.53%
3	1.06%
3	4.12
3	1.95
3	0.1139
3	24.7871168195296
3	23.3
3	38.6
3	7.5
3	290
3	128
3	2.15%
3	1.105
3	2.835
3	7.1
3	7.2 C/kg
3	4.35%
3	2.09%
3	6.00 ppm
3	134
3	3.772
3	2.918
3	3.52
3	0.50%
3	36.5
3	2.19
3	0.18 % DW
3	0.59
3	5.098
3	12.45
3	4.33%
3	3.625
3	4.809
3	45.1
3	8.144
3	4.68 ppm
3	16.8
3	44.5709256271087
3	17.6
3	2.14
3	0.0776
3	7.641
3	0.946
3	462
3	0.73%
3	42
3	4.822
3	6.89
3	3.836
3	18.46
3	2.67
3	0.52%
3	8.47
3	1.71
3	2%
3	5.69%
3	1.72%
3	413 milli-gram per 1 gram dry soil
3	28 milli-gram per 1 gram dry soil
3	0.89%
3	1.26
3	2.89
3	1.87%
3	0.31
3	36.8
3	5.846
3	114
3	3.824
3	2.79%
3	3.77
3	2.71%
3	111 milli-gram per 1 gram dry soil
3	3.62
3	2.42
3	5.29
3	56.4
3	4.19
3	166
3	2.68%
3	1.67
3	0.658
3	95.2
3	16.3
3	1.05%
3	5.494
3	1.93%
3	15.9
3	13.05
3	0.06% w/w
3	1.39%
3	33.2
3	1.08%
3	2.7%
3	5.06
3	2.05%
3	18.82
3	1.47%
3	4.502
3	4.62%
3	1.45
3	1.58
3	1.65
3	4.033
3	0.93%
3	67.3
3	5.48
3	1.70%
3	152
3	21.7
3	3.97
3	2.29
3	1.16
3	1.93
3	2.58
3	162
3	2.399
3	0.55%
3	3.86 ppm
3	21.8
3	7.501
3	3.61
3	4.35
3	4.44
3	0.47%
3	1.99
3	1.81
3	10.9
3	12.1
3	6.3
3	2.951
3	5.98
2	3.39
2	0.8%
2	6.982
2	0.159785617
2	36.4
2	1.189
2	201
2	1.739
2	17.4
2	4.769
2	8.716
2	5.64
2	12.03 ppm
2	13.423
2	5.626
2	4.006
2	20.77
2	3.458
2	11.84
2	9.272
2	8.234
2	8.26
2	7.898
2	74
2	21.29
2	77
2	21.248
2	2.324
2	5.203
2	1.72
2	6.304
2	19.96
2	3.999
2	2.34%
2	7.885
2	0.14
2	2.21
2	8.101
2	12.63
2	3.84 ppm
2	9.599
2	15.8
2	20.96
2	0.218022337
2	15.263
2	5.37 ppm
2	11,4
2	61.2
2	4.563
2	5.635
2	4.284
2	6.052
2	8.557
2	3.69
2	2.77
2	5.081
2	6.327
2	7.074
2	24.25
2	6.29
2	52.23
2	6.309
2	41.2
2	2.5%
2	4.646
2	4.11
2	4.25 ppm
2	6.12 ppm
2	8.6
2	0.185779402
2	71.5
2	9.77
2	1.59
2	5.041
2	1.32%
2	10.2
2	3.121
2	8.087
2	5.623
2	123
2	21.6
2	13.07
2	5.928
2	7.08
2	53.9
2	45.452901610515546
2	3.344
2	12.39
2	2.994
2	6.2
2	3.86
2	8.337
2	8.876
2	9.073
2	10.75
2	3.87
2	10.06 ppm
2	2.54%
2	6.554
2	10.27
2	4.741
2	38.93
2	3.628
2	3.84
2	5.495
2	5.319
2	6.593
2	4366.666667
2	6.307
2	9.127
2	4.531
2	9.054
2	11,9
2	3.922
2	16.54
2	62.4
2	6.87
2	2.76
2	2.355
2	2.252
2	8.23 ppm
2	4.71 ppm
2	8.696
2	5.91
2	13.73
2	9.353
2	4.923
2	2750
2	4.253
2	11,3
2	2.609
2	0.49
2	18.29
2	62
2	4.36
2	2.258
2	23.503
2	12.42
2	3.93 ppm
2	0.55
2	5.85
2	33.4
2	5.77
2	7.079
2	7.213
2	3.149
2	8.27 ppm
2	13.44
2	11.04
2	16.55
2	0.77
2	49.1
2	18.38
2	4.835
2	25.864
2	0.215535932
2	4.165
2	13,4
2	4.109
2	6.63
2	3.67
2	9.95
2	5.589
2	9.78 ppm
2	200
2	5.10 ppm
2	2.116
2	8.071
2	5.743
2	385
2	5.22 ppm
2	17.61700802503157
2	2.466
2	14.46
2	30.408
2	13.54
2	31.394
2	5.29 ppm
2	0.160197773
2	3.061
2	4.887
2	1.40%
2	4.352
2	8.484
2	3.76 ppm
2	132
2	3.524
2	5.724
2	4.88 ppm
2	50.9 g kg-1
2	45.4 g kg-1
2	5.515
2	3.37
2	11.45
2	4.696
2	15.691091681116623
2	29
2	2.02
2	1.53
2	10,3
2	7.394
2	0.33%
2	7.657
2	4.428
2	6.488
2	5.169
2	6.882
2	9.414
2	4.79
2	8,81
2	23.7
2	65.3
2	3.278
2	3.04
2	6.747
2	320
2	2.51
2	7.31
2	5.477
2	3.417
2	4.45
2	3.951
2	9.323
2	41.9
2	3.946
2	4.41%
2	5.374
2	933.3333333
2	4.265
2	43.1
2	5.645
2	0.42
2	1.11
2	5.765
2	17.921150334715723
2	8.276
2	44.05019303102563
2	8.153
2	3.71%
2	6.811
2	8.801
2	38.3
2	8.531
2	0.184425692
2	46.5 g kg-1
2	6.573
2	27.884
2	9.473
2	18.3
2	5.08 ppm
2	5.727
2	2.24%
2	5.327
2	12.44
2	17
2	7.183
2	47.028
2	8.651
2	17.17
2	12.2
2	3.082
2	7.392
2	995
2	86.5
2	11.24
2	2.495
2	19.802331311740506
2	4.16 ppm
2	3.811
2	11.96
2	32.4
2	6.038
2	17.5
2	5.673
2	10,2
2	7.127
2	6.678
2	2.842
2	7.295
2	7.75 ppm
2	3.097
2	64.6
2	3.653
2	3.012
2	40.5
2	4.17 ppm
2	21.14
2	3.996
2	8.265
2	0.05% w/w
2	5.182
2	1.645
2	9.34
2	6.09
2	3.976
2	8.98
2	6.918
2	6.719
2	5.084
2	4.056
2	19.910794723393582
2	6.455
2	18.907614454196686
2	8.69
2	24.4
2	139.1
2	55.9
2	6.145
2	62.1
2	2.8%
2	9.71
2	18.08
2	16.68
2	15.76
2	3.052
2	32.2
2	11.5 C/kg
2	75.1
2	44.168160413683275
2	7.808
2	7.776
2	6.839
2	2.95
2	288
2	2.564
2	0.20173346
2	0.206
2	19.84
2	3.244
2	8.026
2	42.5
2	36.787
2	4.662
2	9.58
2	8.996
2	197
2	2.04
2	6.82 ppm
2	7.923
2	4.046
2	3091.666667
2	5.958
2	4.312
2	20.39
2	11.95
2	0.91
2	3.638
2	4.425
2	5.234
2	6.832
2	0.200752366
2	4.328
2	4.238
2	10.29
2	396
2	252
2	7.8
2	1.617
2	7.565
2	22.3
2	32.9
2	27.22
2	13.83
2	4.72
2	6.93 ppm
2	17.79
2	0.919
2	7.94 ppm
2	9,57
2	1.567
2	5.472
2	6.695
2	102
2	5.549
2	6.027
2	8.525
2	1.936
2	4.884
2	1125
2	64.2
2	2.659
2	18.77
2	6.791
2	8.056
2	16.81753907188335
2	3.879
2	3.335
2	32.221
2	6.836
2	7.269
2	0.158892144
2	3.09
2	6.22
2	0.38%
2	2583.333333
2	5.243
2	15.61
2	25.79
2	45.34527348075873
2	20.92
2	30.213
2	61.48
2	3.746
2	1.885
2	5.887
2	17.84
2	600
2	3250
2	22.13
2	10,4
2	6.73 ppm
2	19.928299589167313
2	21.1
2	31.6
2	24.96
2	0.21470065
2	7.546
2	4.934
2	9,97
2	0.183475591
2	1.91
2	6.658
2	24.17
2	36.2
2	3.13 ppm
2	16.91
2	10.46
2	4.97
2	43.5
2	3.967
2	36.108
2	66.78
2	3.134
2	6.05
2	1.50%
2	8.093
2	7.759
2	7.406
2	5.566
2	12.89
2	4.917
2	15.83
2	2.009
2	8.051
2	11.1
2	112.4
2	3.34 ppm
2	2.24
2	3.58
2	7.18 ppm
2	6.76
2	0.12% w/w
2	26.3
2	5.382
2	7.768
2	9.45
2	27.4
2	18.6
2	46.95952426625743
2	7.342
2	4.56
2	13.18
2	14.33
2	4.766
2	8.84
2	15,8
2	9.571
2	5.04
2	6.62
2	3350
2	49.73826991306411
2	15.668956892782738
2	7.069
2	7.165
2	1.905
2	3.32
2	8.884
2	57.9
2	5.602
2	6.419
2	6.223
2	2.104
2	9.536
2	15.98
2	3.655
2	49.951738882648065
2	4.681
2	6.509
2	3.95
2	36.324
2	7.00 ppm
2	9.52
2	0.162507931
2	3.729
2	5.107
2	71.6
2	8.131
2	5.766
2	44.655420272847294
2	6.393
2	63.4
2	6.625
2	40.196
2	5.381
2	3.142
2	11.17
2	9.18
2	287
2	4.24
2	0.205257535
2	5.342
2	50.7
2	4.447
2	2.566
2	7.865
2	4.091
2	4.25
2	6.01
2	2.32 ppm
2	3.666
2	2.97 ppm
2	4.771
2	5.404
2	3.657
2	13.97
2	2.891
2	323
2	8.8
2	0.226848017
2	5.103
2	8.06 ppm
2	2.438
2	7.929
2	9.075
2	7.778
2	11.42 ppm
2	51.8
2	12.49
2	22.11
2	38.7
2	6.944
2	8.722
2	4.607
2	9.439
2	4.279
2	11.76
2	46.83635174359185
2	8.93
2	6.585
2	25.6
2	9.974
2	4.042
2	7.003
2	2.825
2	14.65
2	4008.333333
2	7.87 ppm
2	10.384
2	2.308
2	43.94905825397394
2	4.54 ppm
2	3.153
2	5.314
2	27.8
2	11.62
2	0.3
2	4.321
2	0.236615861
2	5.44 ppm
2	9.62
2	5.819
2	16.14377376832161
2	10.05 ppm
2	1.27%
2	2.382
2	0.39
2	5.177
2	2.68
2	4.31
2	34.7
2	6.564
2	7.051
2	7.188
2	43
2	6.182
2	3875
2	5.656
2	55.11
2	1.981
2	103
2	12.22
2	7.963
2	5.268
2	8.397
2	19.0
2	12.59
2	0.58
2	0.183787573
2	13.26
2	9.885
2	5.186
2	6.377
2	10.59
2	2075
2	3.875
2	3.667
2	3.82
2	5.644
2	40.147
2	5.35 ppm
2	5.721
2	6.326
2	16.59
2	101.6
2	5.023
2	2.39
2	10.31
2	7.055
2	8.94
2	11.08
2	70.2
2	0.19 % DW
2	8.97
2	4.66
2	6.19
2	5.49
2	9.156
2	9.03 ppm
2	4.693
2	16.19134874013395
2	3.938
2	5.146
2	7.24 ppm
2	193
2	unknown
2	21.62
2	9.41
2	4.239
2	6.566
2	3.696
2	45.64
2	220
2	15.048
2	96
2	8.21
2	44.30513121170584
2	1.374
2	12.85
2	6.91 ppm
2	4.888
2	3.49 ppm
2	46.4
2	0.7%
2	6.595
2	8.764
2	4.399
2	3.05
2	5.425
2	49.08
2	3.506
2	2.65
2	29.9
2	28.362
2	10.47
2	5.51
2	4.291
2	6.945
2	4.684
2	78
2	3.743
2	68.9
2	13.12
2	3.15
2	9.153
2	8.497
2	2.79
2	5.883
2	17.609
2	4.419
2	0.52
2	1.712
2	2.094
2	14.61
2	9,43
2	3.859
2	2.391
2	0.30%
2	4.384
2	4.344
2	13.582
2	992
2	7.84 ppm
2	11.79
2	28.441
2	13.92
2	2.392
2	12.06
2	6.504
2	11.63
2	6.759
2	13.24
2	41
2	9.723
2	1.931
2	11.05
2	15.25
2	10,1
2	6.792
2	20.80978830783368
2	5.383
2	3.159
2	0.85
2	4.03 ppm
2	17.06
2	4.824
2	9.424
2	17.21
2	10.19
2	8.64
2	3.39 ppm
2	11.875
2	79
2	25.33
2	138
2	16.809192898646682
2	1.402
2	16.768
2	5.919
2	7.352
2	3.371
2	2.17
2	9.14
2	5.611
2	3208.333333
2	6.641
2	4.16
2	5.78
2	7750
2	48.1
2	12,2
2	1.62
2	5.294
2	0.228824018
2	50.4
2	4358.333333
2	14.41
2	2.192
2	12.98
2	59.8
2	36.834
2	22.5
2	2.83%
2	0.6%
2	6.90 ppm
2	3.705
2	87.27
2	7.19
2	6.217
2	7.57 ppm
2	11.37
2	4.226
2	5.358
2	25.9
2	3.216
2	8.127
2	3.76
2	33.1
2	3.95 ppm
2	22
2	3.55 ppm
2	0.22400441
2	12.3
2	14.68
2	3.418
2	22.809
2	8.338
2	0.53
2	8.06
2	3.18 ppm
2	3.587
2	4.633
2	691
2	3.579
2	4.98 ppm
2	8.228
2	5.542
2	5.691
2	2.544
2	6.519
2	3.533
2	8.79 ppm
2	2741.666667
2	4.455
2	17.8
2	5.486
2	5.53 ppm
2	14.44
2	9 C/kg
2	20.93875104523558
2	0.0534
2	4.55
2	9.939
2	9.902
2	10.369
2	6.38 ppm
2	45.23846633416459
2	1.836
2	4.54
2	8.117
2	4.003
2	7.848
2	19.91
2	66.6
2	4.59 ppm
2	7.985
2	2.197
2	5.834
2	3.78
2	21.3
2	2.802
2	7.115
2	7.915
2	0.64
2	46.77779236120225
2	950
2	6.18 ppm
2	25.3
2	2.114
2	5.42
2	7.626
2	109.2
2	23.5
2	2.936
2	2.133
2	20.8
2	12.27
2	42.2
2	21
2	8.324
2	4.018
2	21.71
2	5.192
2	1.586
2	1.29%
2	3.59
2	5.864
2	209
2	249
2	5.551
2	271
2	3.423
2	11.55
2	6.39 ppm
2	9.854
2	3.45
2	5.845
2	6.134
2	5.717
2	0.07% w/w
2	12.18
2	2.212
2	4.439
2	52.73
2	10.48
2	7.409
2	5.51 ppm
2	8.527
2	14.55
2	7.57
2	3.57
2	4.739
2	68.7
2	17.733796720921358
2	5.054
2	5.83 ppm
2	59.5
2	4.204
2	5.46%
2	4.26
2	7.467
2	0.0631
2	14.07
2	6.629
2	5.223
2	1.814
2	4.93 ppm
2	7.658
2	2.454
2	5.412
2	28.51
2	18.87
2	8.681
2	3.89 ppm
2	21.49
2	77.99
2	3.334
2	3.66
2	3.661
2	10.63
2	12,1
2	3366.666667
2	2.01
2	4.031
2	45.2
2	7.197
2	4.808
2	10.53 ppm
2	4.46 ppm
2	2.712
2	35.6
2	12.11
2	24.223
2	89.2
2	3.359
2	29.46
2	5.133
2	0.642
2	5.581
2	7.925
2	60.50
2	9.2
2	8.306
2	6.783
2	12.711
2	9.948
2	1.15%
2	4750
2	3.63
2	18.98
2	4.15 ppm
2	7.088
2	2.996
2	6.181
2	9.32
2	43.598
2	6.57
2	4.552
2	3.144
2	9.171
2	8.742
2	10.28 ppm
2	3.986
2	7.217
2	22.6
2	15.58
2	5.116
2	8
2	8.664
2	34.9
2	7.994
2	4.05
2	4.167
2	0.1291
2	5.195
2	5.675
2	7.325
2	62.38
2	48.84170024081145
2	29.1
2	81.4
2	8.99
2	44.644502425364216
2	15.905119092033695
2	1.86
2	9.623
2	73.6
2	3.913
2	8.34 ppm
2	6.511
2	7.45
2	6.42
2	7.03 ppm
2	6.162
2	4.379
2	20.4
2	8.148
2	4.519
2	2.579
2	3.56
2	5.241
2	4.342
2	175
2	0.17
2	8.899
2	7.513
2	996
2	4.89 ppm
2	0.227932494
2	15.51
2	2.977
2	9.55
2	7.91 ppm
2	12.15
2	4.834
2	7.694
2	28.2
2	11.41
2	5.8
2	52.3
2	0.156231519
2	24
2	13.52
2	14.38
2	11,8
2	1.88
2	16.6
2	20.0
2	5.31
2	1.82
2	6.208
2	9.005
2	4.484
2	3.338
2	9.331
2	2.611
2	29.16
2	10.03 ppm
2	3.91
2	3.96
2	7.698
2	7.836
2	8.22
2	4.82 ppm
2	12.9
2	5.52 ppm
2	0.22 % DW
2	2.751
2	7.138
2	0.576
2	4.466
2	16,6
2	172
2	5.091
2	8.503
2	3.391
2	5.037
2	2.52
2	6.749
2	70.09
2	4.401
2	7.15 ppm
2	5.683
2	5.805
2	6.468
2	7.128
2	43.691962935603335
2	18.2
2	5.966
2	9.966
2	10.25
2	9.24 ppm
2	6.40 ppm
2	15.85
2	49.9
2	9.051
2	7.725
2	7.305
2	20.48
2	5.72 ppm
2	0.04
2	81
1	0.321949767
1	4.392
1	56.7
1	37.93
1	2.718
1	103.2
1	19.353
1	2.407
1	7.446
1	4,038267136
1	52.1
1	7.427487
1	3233.333333
1	15.45
1	4.318
1	0.18690398047056603
1	3.13
1	2.229
1	48.30
1	3816.666667
1	78.07
1	28.553
1	50.04
1	44.8 g kg-1
1	3.822
1	7.75
1	4.351
1	57.38
1	80.02
1	1.306
1	2.425
1	5.818 %
1	274.4 mg/kg
1	6.256
1	9.162
1	4.67
1	1400
1	60.62
1	3,745672941
1	6.844 %
1	16.28g/kg
1	8.409
1	79.41
1	6.394
1	2.338
1	50.03
1	139.5
1	19.9282995891673
1	17.948
1	41.3
1	2.686
1	38.89%
1	24.8
1	13.29
1	3.754
1	4.319
1	11.315
1	7.383
1	54.1
1	3.12%
1	0.19399999999999998
1	2600
1	49.73827
1	47.1 g kg-1
1	20.628872
1	6.064
1	0.21780000000000002
1	24.03
1	3.374
1	17.7337967209213
1	3025
1	5.057
1	38.326
1	3.26
1	0.58472
1	41.153
1	5.922
1	2.826
1	28.95
1	9.149
1	1.5955
1	4.874
1	7.497 %
1	5858.333333
1	49.6
1	2.954
1	89.8
1	10.38639
1	0.04974
1	5.186904
1	8.822
1	1.942
1	4.989
1	10.818 %
1	32.30 g/kg soil
1	149.04
1	76.10
1	6.29%
1	67.66
1	28.61
1	6.407
1	7.355
1	79.08
1	0.0008
1	3891.666667
1	5.567
1	5.662 %
1	0.67213
1	1.22
1	3.75
1	6.228
1	35.51
1	2.894013
1	42.15%
1	11.53
1	93.5
1	0.001646
1	0.054800063
1	3.174
1	6.076 %
1	16.18
1	3.017446
1	3.878
1	49.7382699130641
1	17.61701
1	4408.333333
1	15.9051190920336
1	0.0154
1	14.016
1	3.017
1	12.895
1	7.66
1	47.6
1	4.131275
1	6.044
1	117.97
1	0.868414804
1	33.889
1	1.608
1	58.30
1	26.6
1	1.265
1	383
1	53.17
1	0.47713
1	79.3
1	56.2
1	7.142 %
1	6,208871841
1	6,032207489
1	0.09670842761054149
1	2.760759667
1	8.512
1	316
1	0.057349436828792816
1	0.08994279919476383
1	48 g kg-1
1	3.35 %
1	24.24%
1	3.551 %
1	0.08422290248804798
1	8033.333333
1	41.6
1	56 mg/L
1	82.33
1	5.561
1	2491.666667
1	53.25
1	7.596
1	4,583296776
1	37.44
1	4.888764
1	8.1 C/kg
1	6666.666667
1	150.8
1	8.240
1	3.674
1	3858.333333
1	16.15
1	12.954148
1	5.639
1	11.925
1	13.995
1	100.76
1	14.666
1	77.03
1	15.695
1	0.243
1	3,342426062
1	35.65
1	46.5
1	0.132111033
1	42.4
1	2.064
1	11.7
1	1.419
1	2.458
1	0.79
1	357
1	13.468
1	69.5
1	0.05489
1	42.6
1	2275
1	1.95%
1	1008.333333
1	25.036 %
1	0.572
1	6891.666667
1	2.805
1	4,741406441
1	1.005
1	48.8417002408114
1	20.93875
1	11.118 %
1	1.417
1	4.01
1	325
1	2.696
1	93
1	39.41
1	21.285
1	3.249
1	73.60
1	2.846
1	3.064
1	12.5
1	7316.666667
1	5066.666667
1	7.398
1	0.175 % DW
1	44.759
1	4.2%
1	4.453
1	19.9283
1	25.4
1	0.1931
1	4775
1	9.285
1	47.53448
1	2.093 %
1	0.2 % DW
1	1725
1	6.91
1	0.003468
1	2.982 %
1	34.17017614954285
1	20.9
1	missing; missing
1	3,967738867
1	2441.666667
1	16.1437737683216
1	39.1
1	17.265
1	1.2953
1	4,514109612
1	66.11
1	60.33
1	2.003
1	30.30%
1	20.2
1	6.192
1	9.186
1	48.4 g kg-1
1	4.327
1	304.5 mg/kg
1	39.30
1	40.3
1	2.752
1	6466.666667
1	34.153
1	3.442
1	0.55243
1	45.8
1	5.678
1	0.033497695
1	285.7 mg/kg
1	46 g kg-1
1	3.02601675
1	0.224
1	55.2
1	15.66896
1	0.025
1	38.40
1	39.9
1	1.759
1	6.761
1	6.52144
1	24.480
1	2.284
1	469
1	5.393
1	1.626
1	6.498
1	2.68 %
1	2.244
1	2.683
1	2.782
1	53.96
1	32.865
1	4.956
1	4.477
1	1.89
1	3.959
1	54.5
1	64.07
1	12.555
1	30.118
1	5,900349617
1	76.1
1	7.298
1	1.76 %
1	43.6 g kg-1
1	59.94
1	2.885
1	5.828
1	31.8
1	2.636
1	8.230
1	1.1013
1	16.681
1	39.72%
1	81.75
1	6.366
1	28.064
1	1.009
1	12.185
1	85.15
1	0.00%
1	0.78
1	9.906
1	0.976
1	17.415
1	13.93
1	5608.333333
1	5.84394
1	4.158
1	1.728
1	2.815
1	47.2
1	1.263
1	52.976
1	40.9
1	2.543
1	1.904
1	119.6
1	12.071 %
1	3.41%
1	1083.333333
1	1.818
1	3.856 %
1	19.21
1	7.019
1	77.89
1	6.746
1	4-15 mg/g
1	4.252
1	4.927 %
1	0.08295
1	32.49112410117745
1	10500
1	54.218287
1	20.72
1	74.71
1	42.64
1	0.877
1	11.307 %
1	1.05
1	2.136
1	33.393
1	14.76
1	47.059
1	65.98
1	0.06703952334377954
1	0.003816
1	71.64
1	64.3
1	1.158
1	2.409
1	14.406
1	1.275
1	12.200
1	2,935877323
1	53.6
1	5.646 %
1	3.488
1	71
1	32.87
1	0.1072
1	44.957
1	25.579
1	0.0681636697015957
1	3.49
1	3.604
1	0.1313
1	15.3
1	1.4512
1	6.12
1	29.415
1	1.456
1	24.7
1	33.301
1	8.729
1	1.058 %
1	96.86
1	4.411 %
1	4.41
1	1.894
1	6.474 %
1	17.02
1	3.725
1	9.284
1	31.3
1	5.83
1	0.847
1	3183.333333
1	18.73
1	3.596
1	1.662
1	5.336
1	0.57
1	4.108
1	2.482
1	3.694
1	67.43
1	23.46
1	2,195122242
1	4.334809
1	3.313
1	0.053230000000000006
1	5.43893
1	8.091
1	6.708
1	47.246
1	80.31
1	7,097136021
1	11.739
1	106.5
1	43.689
1	8.553
1	0.48002
1	46.83
1	3.967698
1	142.4
1	97.43
1	3,039485693
1	1.832
1	280.4 mg/kg
1	45.79
1	6,397874355
1	45.3452734807587
1	58.35
1	37.665
1	26
1	0.105
1	7,199276447
1	2.922
1	115
1	5.003
1	0.001045
1	58.96
1	2.329
1	82.66
1	5791.666667
1	43.9490582539739
1	0.07530854112193205
1	9.551
1	4.848
1	1.341 %
1	5.1035425
1	17.861498
1	5475
1	3.79
1	3.053
1	0.191
1	2.908
1	27.2
1	0.53566
1	9.86
1	5.256
1	3.298
1	72.2
1	3.532
1	0.81129
1	5.583
1	9.908
1	16.2
1	1.994
1	1.365
1	2550
1	5.064 %
1	40.6
1	0.717
1	395
1	37.86
1	160.3
1	6.459
1	6.41
1	1.888
1	32.529
1	69.68
1	5.453 %
1	12.17
1	26.03
1	45.1 g kg-1
1	2800
1	4.336
1	2.139
1	6683.333333
1	17.46
1	1441.666667
1	93.6
1	66.54
1	0.0953668636511479
1	0.274038996
1	4.481 %
1	5.676
1	61.17
1	15.49
1	2708.333333
1	252.4 mg/kg
1	41.4 g kg-1
1	27.59
1	26.9
1	42.663324
1	61.82
1	2.8000000000000003
1	6,981388092
1	7.750
1	39.94
1	1.677
1	50.61
1	10.82
1	4.444 %
1	3.536756875
1	283.8 mg/kg
1	25.729
1	0.003148
1	20.80979
1	4.012
1	3.7%
1	6.913
1	0.80%
1	5275
1	46.83635
1	2.198
1	4783.333333
1	3.358
1	2.952
1	2,593958616
1	282.2 mg/kg
1	28.099
1	139.15
1	2.599
1	0.062169810931762964
1	203
1	14.57
1	37.03866835574891
1	0.964
1	1.2997
1	0.564
1	16.937 %
1	118.2
1	134.56
1	45.84
1	4.209
1	4.102
1	13.929 %
1	1.312
1	5.466
1	17.453311
1	44.16816
1	3.12
1	6.37
1	6,048063755
1	8.652
1	0.886
1	35.795
1	30.84
1	1.377
1	1.066
1	0.08082
1	93.53
1	5.505792667
1	3.402
1	35.876099
1	34.40
1	3.186
1	1.4416
1	2.675
1	0.951062239
1	0.17361091136095425
1	4,05548048
1	5.843
1	0.43201
1	4.820176
1	88.52
1	1.562
1	3.81
1	11.000456
1	12.29
1	64.31
1	3.764
1	71.45
1	0.133937741
1	3.093
1	63.9
1	48.1 g kg-1
1	7.901
1	4.299
1	6.369
1	74.9
1	3.701
1	46.72%
1	3500
1	0.13699999999999998
1	0.17% w/w
1	275.2 mg/kg
1	1.268
1	20.311
1	0.222
1	93.72
1	219.21
1	183
1	3.429
1	4.048
1	0.56
1	22.965
1	17.9211503347157
1	1.256
1	4.818 %
1	1.31016945
1	1.66
1	5.580828
1	2666.666667
1	2.036
1	0.0898
1	0.169
1	52.80
1	19.7
1	3.024
1	26.648
1	48.2
1	268.6 mg/kg
1	2.492
1	2.529
1	69.44
1	1.2631
1	4.582
1	25.989
1	3,329077244
1	36.755
1	1.339 %
1	34.013717
1	2908.333333
1	8400
1	3.944
1	12.349 %
1	16.51
1	49.2
1	59.98
1	15.150
1	18.554
1	3.098
1	5.055
1	2,618301153
1	23.478
1	33.434
1	2975
1	6841.666667
1	0.762
1	73.35
1	7.707
1	30.707
1	4.919
1	41.4
1	1.60%
1	0.002211
1	10133.33333
1	0.295 %
1	8500
1	6.363
1	0.1116
1	50.812
1	70.89
1	1.0748
1	38.2
1	0.13668459340416977
1	238.4 mg/kg
1	51.9
1	3358.333333
1	0.0064
1	3.741
1	13.1
1	3.874
1	1483.333333
1	3.812
1	3,485875368
1	2.414
1	0.002659
1	4.294013
1	2.412
1	38.85
1	58.22
1	98.00
1	41.52
1	3.136
1	2.966
1	48.8417
1	6.019
1	1.31
1	6833.333333
1	50.8 g kg-1
1	0.006025
1	4.032
1	27.489 %
1	1.828
1	0.47359
1	3.175
1	5.564
1	32.242
1	36.640
1	0.1412
1	1.0846
1	48.7
1	3.901 %
1	4.92686
1	2,175805569
1	0.061509999999999995
1	0.002948
1	56.76
1	0.255 %
1	3.426
1	49.951738882648
1	3.171
1	7.205
1	0.1309
1	3.091
1	49.03
1	7.914
1	1.387
1	67.53
1	70.93
1	3,222500086
1	0.068803447
1	8.319
1	4400
1	4.53
1	6,337481022
1	26.33
1	3.388
1	87.55
1	0.83
1	8,033964157
1	30.18
1	0.74835
1	8083.333333
1	0.12732339958602767
1	0.389427221
1	36.212
1	0.372
1	4.556
1	88.36
1	7.952
1	4.276
1	0.343625348
1	56
1	13.15
1	13.615
1	4.357
1	6.915 %
1	0.1884
1	3.909
1	1.179
1	269.2 mg/kg
1	2.484
1	46.57
1	0.55118
1	0.159208549
1	4183.333333
1	7.611
1	3.979
1	30.66%
1	1.58%
1	0.33 %
1	45.4529016105155
1	48.16
1	74.37
1	3.87283075
1	0.17 % DW
1	3.71
1	28.22
1	18.14
1	0.236
1	4.608
1	0.766
1	19.36
1	5,861548901
1	6.47 %
1	3.188
1	0.74306
1	17.82
1	0.267
1	64.28
1	2.312
1	51.907
1	10.3
1	4291.666667
1	7.276
1	1.774
1	67.29
1	4.674
1	0.185% DW
1	28.563
1	3.93
1	2.248
1	0.495 %
1	4.43
1	0.19456396643091747
1	2091.666667
1	1783.333333
1	0.032
1	1600
1	9.648
1	2.743
1	1.2725
1	2.061
1	131
1	43.3
1	6233.333333
1	9.627
1	2.523
1	41.94
1	2150
1	5.942
1	0.656999661
1	0.08372094038561202
1	136.57
1	9.085
1	12.785
1	8983.333333
1	3.4
1	3166.666667
1	2,342279911
1	18.31
1	3.698
1	2.448
1	6.065
1	53.48
1	3.155
1	0.085484436
1	80.34
1	68.69
1	1.145
1	5.123
1	44-100 mg/L
1	0.744
1	108.2
1	39.2
1	2.678
1	1.603
1	1.766
1	1208.333333
1	1.876
1	4.396
1	18.48
1	6.604
1	7.286
1	41.59
1	2.795
1	19.80233
1	3,482259035
1	7500
1	9.36
1	2.47
1	7.555
1	45.46
1	8091.666667
1	1.17%
1	2.234
1	1.362
1	0.77%
1	2.698
1	7.492797
1	5.978
1	80.38
1	9.703 %
1	58.09
1	45.53
1	6,561233044
1	0.81
1	0.06026824666428663
1	0.004258
1	12.587
1	1950
1	25.061
1	7.896
1	68.44
1	6.478
1	1.073
1	6.44
1	49.76
1	237.5
1	0.001466
1	27.466 %
1	0.15862783962165147
1	6.877
1	6.634
1	2.310
1	2.86190725
1	3.406
1	25.1
1	0.1463
1	31.97
1	0.1022236769286341
1	5.14 %
1	8.765
1	40.6 g kg-1
1	44.05019
1	16.744
1	2.867
1	6.196535
1	0.616
1	5.132
1	37.6
1	0.18994838196167005
1	2.403
1	7.476
1	8.592
1	7858.333333
1	3.656
1	8.709
1	5.198
1	0.1056262312740229
1	262.6 mg/kg
1	4.952
1	0.797
1	0.03392401283782655
1	5.605418
1	19.10
1	1.245
1	18.28
1	3.722
1	4.685
1	10.135
1	4.726 %
1	37.622
1	34.23
1	0.08892
1	8.7 C/kg
1	33.7
1	86.32
1	2.456
1	71.38
1	28.675
1	1.754
1	8.27017
1	0.76 %
1	2,131164312
1	0.323
1	93.66
1	4.256
1	7.529
1	37.538
1	3.228
1	10.30747
1	81.08
1	5.47
1	19.95
1	46.116
1	4.499
1	12.676
1	0.513
1	33.63
1	4.536
1	18.259 %
1	21.32
1	4.142
1	1.215
1	3.838
1	9.07
1	8.254
1	58.89
1	7.16111175
1	5416.666667
1	21.42
1	61.32
1	6,73534584
1	5.245
1	40.228 %
1	33.160042516787875
1	44.6554202728472
1	33.944
1	3.419
1	4.129
1	67.35
1	23.614
1	9700
1	113.13
1	31.54
1	0.06588336083697509
1	4.928
1	74.06
1	4.09
1	4.021
1	3716.666667
1	51.34
1	1.356
1	39.61
1	44.1 g kg-1
1	1.1217
1	2.634
1	42.8 g kg-1
1	2.849
1	4.094 %
1	68.45
1	0.34
1	2.914
1	3.127
1	16.867
1	3.13934775
1	1.852
1	9.521
1	45.2384663341645
1	5.682
1	1.4532
1	3.853
1	4.98
1	3.507
1	15.16
1	49.95174
1	3.514
1	0.042520895
1	3225
1	3.44
1	16.56
1	3733.333333
1	87.7
1	0.784 %
1	18.9076144541966
1	11.615
1	66.26
1	0.434795754
1	54.46
1	19.29
1	16.1913487401339
1	10.317
1	73.4
1	1.1723
1	4.244
1	4.772
1	0.294
1	5.292232
1	4.628
1	1.982
1	4308.333333
1	0.241971271
1	30.774
1	21.97
1	3.312
1	36.54
1	5.534
1	0.33
1	67.03
1	28.6
1	5.738
1	0.07
1	6.771
1	0.182
1	44.3051312117058
1	51.00
1	98.7
1	4.196
1	2.008
1	5.783 %
1	2.947
1	13.287073
1	3.224
1	3,296796083
1	49.01
1	1641.666667
1	4.792 %
1	64.93
1	4.125
1	0.808
1	0.54
1	4091.666667
1	8,479599953
1	30.347
1	15.27 g/kg soil
1	95.45
1	5.07
1	9.274
1	9775
1	21.088
1	0.12965209128254293
1	9.388
1	19.725
1	21.9
1	4458.333333
1	2.323
1	1.2303
1	0.028993985
1	2,403428078
1	2.92
1	1.0167
1	5.45 %
1	2.614
1	3.17
1	24.78712
1	0.10850700957355087
1	0.381
1	6.155
1	67.1
1	1.24 %
1	2,245162249
1	4.172
1	5.2085952
1	0.947
1	24.653626
1	1991.666667
1	86.8
1	548
1	0.134
1	81.74
1	0.1624
1	4.0%
1	7.778 %
1	2.643
1	62.3
1	5.348
1	28.325
1	9.223124467
1	0.16993466343836677
1	3908.333333
1	3475
1	30.58
1	5.58
1	17.98
1	386
1	3808.333333
1	22.785
1	0.01%
1	0.13615476506417765
1	18.79353
1	1.394
1	89.61
1	7.722
1	3.975
1	0.02%
1	2.9186305
1	15.6689568927827
1	34.774
1	0.08227999999999999
1	16.610
1	9083.333333
1	17.7338
1	3.292
1	7.02
1	1391.666667
1	4.389 %
1	39.33
1	1.232
1	0.114070029
1	1.874
1	2.06
1	55.31
1	1.085
1	2,908085585
1	7.37
1	3.22
1	3.928
1	77.36
1	2.732
1	7.538
1	0.106450766
1	19.628
1	263.4 mg/kg
1	3825
1	3.266
1	35.48
1	69.48
1	258.5 mg/kg
1	2.301
1	3.676
1	0.3-2.9 mg/g
1	2,791615248
1	5.365
1	34.39395645639174
1	15.975
1	16.14377
1	2,798276424
1	161
1	10.4
1	0.002295
1	32.085568
1	5.274
1	0.670
1	9.584
1	143.90
1	0.639595665
1	0.540
1	1.826
1	2.44%
1	41.7 g kg-1
1	10.895
1	8716.666667
1	2.759
1	8.957 %
1	30.005
1	19.91079
1	2333.333333
1	2.722
1	32.089
1	93.88
1	38.90
1	25.5
1	2.292
1	2.944
1	0.63
1	114.44
1	4.196294
1	5.585
1	29.36
1	0.829
1	44.6445024253642
1	4950
1	31.33
1	103.1
1	41.25%
1	8533.333333
1	8.770
1	0.88
1	6325
1	6.466
1	1575
1	5,916013241
1	9.646
1	76.2
1	2.899
1	55.63
1	4.610
1	6.308
1	79.88
1	5.058117
1	13.8 C/kg
1	4.736 %
1	2.459
1	7.582
1	4.538
1	1.758
1	2.894
1	204
1	43.2
1	17.53
1	5.102
1	52.4
1	3.404
1	3,093192101
1	0.675 %
1	4.15
1	10.443
1	3.99
1	4300
1	1216.666667
1	39.6
1	15.69109
1	6.088
1	57.34
1	34.950
1	44.840676
1	11.9 C/kg
1	1.029034
1	153
1	72
1	540
1	2.183
1	1.448
1	37.5
1	0.705
1	4.994
1	36.28
1	0.03%
1	2.25
1	1683.333333
1	4.21
1	1.124
1	4658.333333
1	6.51
1	0.61574
1	3.931
1	2.87311425
1	5.628 %
1	2.978
1	5.446
1	33.3
1	2.494
1	2.653
1	3.573
1	60.24
1	4.539 %
1	24.213902; missing
1	2966.666667
1	46.9595242662574
1	50.721495
1	65.77
1	37.50
1	39.295
1	3,729739428
1	273 mg/kg
1	6141.666667
1	4.22
1	0.004273
1	97.89
1	22.4
1	4.537
1	23.26
1	59.37
1	4583.333333
1	1.507
1	49.888909
1	66.09
1	4.542
1	44.65542
1	1.367
1	0.781
1	24.2
1	2.457
1	26.23
1	0.5%
1	1.97
1	3308.333333
1	2.892
1	29.39438491725957
1	3.503
1	118.5
1	6.037
1	1.47
1	16.8091928986466
1	4,222753048
1	4.27
1	0.15033106303761076
1	4.87
1	0.17317610049308535
1	65.63
1	3.572
1	7775
1	71.66
1	8.737
1	63.1
1	4508.333333
1	0.573
1	59.32
1	41.654
1	28.016
1	8.638
1	71.47
1	3083.333333
1	7.113
1	85.36
1	0.00159
1	337.3 mg/kg
1	37.02
1	2.273
1	14.86
1	37.936
1	4691.666667
1	2.326
1	77.2
1	14.8 C/kg
1	7.702
1	4.063
1	5.363 %
1	33.37
1	27.028
1	0.165
1	0.131332482
1	2.296
1	28.330854
1	166.85
1	10.545
1	2.413
1	1.1514
1	75.6
1	9.146
1	8.458
1	36.62%
1	3266.666667
1	94.04
1	3.317
1	106.9
1	3.416
1	74.83
1	3.06
1	64.32
1	0.211
1	0.214
1	276.9 mg/kg
1	4766.666667
1	2.705
1	4.784
1	1.21
1	20.5
1	139.7
1	16.8175390718833
1	48.263
1	4.559632
1	30.6
1	1.5096
1	11.935
1	19.69
1	4.446
1	4.451
1	4.45436025
1	1.486
1	0.1115
1	2.932
1	6.062
1	19.9107947233935
1	5.634
1	4.657
1	59.6
1	7.060023
1	143.7
1	95.5
1	5.02131775
1	30.3
1	3.27
1	9.865213
1	0.218
1	5.226
1	22.07
1	4.491
1	1.261
1	0.20809999999999998
1	3.74373425
1	16.16
1	0.751
1	38.817
1	38.5
1	1.73
1	1.76%
1	6.516
1	41.7
1	2.313
1	5.76 %
1	0.044
1	429
1	132.9
1	22.7
1	45.34527
1	1.117
1	3.542
1	49.3 g kg-1
1	3.548
1	94.30
1	43.919
1	4.426508
1	30.169
1	57.17
1	48.9 g kg-1
1	57.76
1	0.598
1	3.706
1	31.209
1	190
1	2.112
1	40.7
1	264.2 mg/kg
1	0.775
1	4.339 %
1	267.8 mg/kg
1	4.02
1	118.20
1	4083.333333
1	3.881
1	8.234271
1	3.212
1	52.7
1	45.23847
1	5175
1	431
1	82.99
1	2.765898
1	2.998
1	1.202
1	8.414
1	9.138
1	17.92115
1	43.087
1	1.618
1	58.1
1	6.757
1	8.416
1	66.9
1	2.812
1	88.6
1	1.765
1	7.215
1	70.81
1	27.6
1	39.83
1	8.428
1	8.451
1	14.77
1	81.23
1	42.8
1	0.184
1	0.67919
1	0.75447
1	2.096
1	6.654188
1	37.71
1	11.812928
1	12.005
1	38.56
1	2.478
1	28.091
1	0.533
1	42.13
1	30.435726243643604
1	28.67
1	4.207
1	0.07901
1	7.983237
1	11.3
1	1.891
1	16.31803
1	3.678
1	79.29
1	1.52
1	4.654
1	4.898
1	62.30
1	9,834751129
1	5.338
1	0.2311680971673179
1	4.618
1	3.158362333
1	3.047
1	0.1681
1	5.43 %
1	12.41
1	61.51
1	6.176
1	0.2245848785770053
1	0.256
1	137
1	0.481
1	29.863
1	2058.333333
1	0.225
1	8.198 %
1	4075
1	6,069132805
1	0.453
1	4.145
1	57.3
1	0.1195
1	188
1	2.708
1	5.071 %
1	20.19
1	0.153167108
1	4.574
1	0.565
1	19.85
1	9966.666667
1	1.519
1	10.012137
1	10.918
1	3241.666667
1	0.1247
1	77.59
1	2.606
1	5.586
1	53.27
1	3.780
1	1.322
1	63.24
1	2.676
1	19.08
1	25.662
1	35.325
1	44.6445
1	1.018
1	3075
1	0.553 %
1	0.76%
1	47.3 g kg-1
1	3.637 %
1	85.21
1	20.9387510452355
1	64.95
1	9.445264
1	53.78
1	63.8
1	4.706
1	31.1
1	52.2
1	3.393
1	1041.666667
1	21.81
1	62.72
1	0.0546
1	0.477
1	46.07
1	31.370
1	96.68
1	2.822
1	7.045
1	8.312
1	12.03 %
1	46.77779
1	3.234
1	0.279
1	1766.666667
1	27.325
1	33.6
1	10.425
1	14.83
1	3.683
1	66.32
1	2108.333333
1	82.45
1	7.472
1	0.546
1	0.07436358879588875
1	44.21
1	20.6
1	5.145 %
1	2,283396244
1	4.019
1	4.629 %
1	3.528
1	4.124
1	8.080
1	71.90
1	43.98
1	5241.666667
1	8.42
1	0.09827
1	1.2293
1	0.17541419795799437
1	2.386
1	22.61
1	2.866
1	6.098 %
1	0.143511914
1	118.8
1	2.844
1	18.90761
1	2783.333333
1	6.912
1	1.572
1	42.81
1	5.57
1	56.6
1	7.909
1	3.586
1	2,402652502
1	50.52
1	5.346
1	95.7
1	9333.333333
1	93.3
1	0.057995534
1	4.254723
1	43.6919629356033
1	63.3
1	13.39
1	58.00
1	1758.333333
1	966.6666667
1	50.41%
1	0.005054
1	2.295
1	3,999498844
1	18.80
1	29.168
1	2.924
1	27.1
1	0.10830000000000001
1	5.066
1	4.78 %
1	51.421351
1	0.779 %
1	63.22
1	43.94906
1	43.47
1	0.1054
1	4.996
1	3466.666667
1	0.48
1	57.1
1	2.056
1	32.91571689897263
1	15.6910916811166
1	1.962
1	0.04599
1	35.005
1	15.838
1	12.705596
1	51.370041
1	5.714
1	271.6 mg/kg
1	0.158
1	1.902
1	2.929475
1	30.57
1	2.068
1	2125
1	0.05468780799419725
1	0.1381
1	4.429
1	6266.666667
1	43.6
1	6.847
1	44.542
1	35.9
1	0.792
1	5.298
1	55.89
1	0.75
1	50.78
1	19.37
1	91.1
1	6091.666667
1	13358.33333
1	74.19
1	37.4
1	2.428
1	38.1
1	0.36 %
1	5.368
1	0.1338
1	5.2589676
1	0.45692
1	0.18960000000000002
1	31.21
1	4.508
1	7.917
1	9.35
1	67.6
1	8.149
1	3.744 %
1	3.90%
1	0.908 %
1	232.2 mg/kg
1	2.596
1	27.47
1	6.13
1	0.427
1	0.21225313
1	18.1%
1	1.4132
1	2.471
1	3.699 %
1	1.932
1	6.901
1	1.838
1	10358.33333
1	113.49
1	8.973518
1	7.472613
1	47.7
1	0.20384178316969426
1	1.1059
1	2,031334162
1	16.80919
1	17.77
1	0.78%
1	108.9
1	95
1	11
1	45.98
1	4.17
1	1.745
1	6.300
1	64.9
1	4.985 %
1	7.14
1	7.51519
1	265.1 mg/kg
1	97.6
1	3.649
1	44.30513
1	0.355
1	11.762
1	48.56
1	6.306
1	0.07696
1	75.3
1	15.90512
1	45.9
1	75.01
1	0.75%
1	158.8
1	18.19
1	0.08108
1	15.92
1	0.19310110889414356
1	24.606
1	3,274606466
1	8.380358
1	19.214
1	17.18
1	96.30
1	52.035
1	1.02
1	6.752
1	3.848
1	3483.333333
1	30.1
1	1.252
1	31.48%
1	71.26
1	0.36
1	0.086
1	5.042
1	48.4
1	2.503
1	17.6170080250315
1	6.8999999999999995
1	10.820799
1	2,032007694
1	2.664
1	0.725
1	3.207
1	5.523
1	65.8
1	6,39175272
1	6.677235
1	6.571554
1	250 mg/kg
1	30.95541233122188
1	39.98
1	0.179963124
1	28.183
1	1.388
1	1.672
1	3.724
1	0.15754460698618108
1	1.7617
1	54.00
1	3.55 %
1	2,134849072
1	299.8 mg/kg
1	8.476
1	18.44
1	5866.666667
1	3,489728212
1	0.01% w/w
1	69.4
1	16.81
1	0.2367990583384638
1	2.962
1	4.59
1	0.961
1	0.1204
1	73.53
1	62.44
1	0.1185
1	51.56
1	55.7
1	54.7
1	2.374
1	0.979253291
1	13.02
1	3.026
1	77.56
1	61.8
1	0.140122742
1	19.8023313117405
1	3.552
1	1.3209
1	4933.333333
1	1283.333333
1	3.719
1	5,154409885
1	3.162
1	58.16
1	37.7
1	1325
1	11.07
1	0.362
1	9.157628
1	3,909171581
1	0.09353
1	70.8
1	47.89
1	0.216
1	18.83
1	35.85
1	1.342
1	71.76
1	26.699
1	18 C/kg
1	45.4529
1	1.092
1	0.211081763
1	2.85
1	41.1
1	63.95
1	3.028
1	2.729
1	700
1	4.052
1	85.67
1	5.200987
1	0.61667
1	0.20850000000000002
1	2,657304525
1	2.81
1	7.05681125
1	14.2 C/kg
1	5.326
1	33.242
1	74.98
1	9.026
1	4.388
1	40.19
1	32.831
1	4.42
1	0.002459
1	47.36
1	16.86
1	2.972
1	28.93
1	4.169
1	44.24
1	76.44
1	127.65
1	6.635
1	2.714
1	3,050697565
1	0.11551589210952731
1	53.93
1	35.388
1	2.992
1	38.9
1	4.794
1	78.74
1	7.252
1	5716.666667
1	46.2 g kg-1
1	2.038
1	23.705
1	0.29
1	missing; 24.213902
1	2.135
1	5616.666667
1	0.198
1	1.382
1	58.4
1	1.078
1	6.97
1	0.02782351
1	1.4378
1	14.645
1	1.851
1	96.79
1	0.60 %
1	50.83%
1	48.3
1	37.852
1	2575
1	0.09% w/w
1	6.552 %
1	9.92
1	1.85%
1	5,779858112
1	2.934
1	64.23
1	1.676
1	4.63
1	13.3
1	2.791
1	84.02
1	5.238
1	0.188837224
1	2.476
1	6.932
1	33.920
1	116.52
1	6166.666667
1	0.607
1	82.71
1	5.08
1	73.58
1	3.245 %
1	0.1% w/w
1	118.56
1	1.176
1	92.38
1	27.003
1	4500
1	105.4
1	0.183
1	2.511
1	4.908
1	42.3
1	6591.666667
1	140.8
1	5.608
1	4.813 %
1	6.575
1	1.755
1	5.67
1	1.192
1	86.73
1	0.1118
1	19.727977
1	0.17284686674776586
1	22.899
1	1.737
1	172.9
1	1866.666667
1	3.276
1	6,745773792
1	3.854 %
1	6.765
1	179
1	2.612
1	40.02
1	9.8
1	0.07455690995940699
1	6.968
1	11.035
1	2925
1	10.583
1	3,278324842
1	4.592 %
1	5.245918
1	2.247
1	8.011
1	0.1376
1	5.39
1	13.11
1	2.98
1	87.20
1	142.2
1	35.255
1	1.3779
1	7.992
1	0.095942998
1	248.1 mg/kg
1	5.85%
1	2,463514328
1	23.93
1	67.82
1	43.69196
1	5.612
1	0.0352403
1	71.7
1	9.303
1	0.062896477
1	49.3
1	20.45
1	3.025
1	2.569
1	120.2
1	41.472947
1	66.17
1	3.682
1	7.2
1	3400
1	8.069 %
1	120.88
1	6.365
1	5.534102
1	0.1765445800002775
1	47.1
1	4.016
1	0.87
1	44.349398
1	94.9
1	2.565
1	0.1483459305898389
1	79.9
1	5.339
1	28.725
1	7.61
1	7,256462097
1	49.27
1	2.023
1	174.5
1	2.243
1	3216.666667
1	37
1	7.517
1	45.5
1	37.186
1	0.18773493808775688
1	11.35%
1	8.802
1	0.1033
1	2.406
1	1.1519
1	2.737 %
1	9.446
1	25
1	0.659
1	5.106 %
1	70.31
1	11.92
1	7583.333333
1	4.256 %
1	15.87 %
1	28.68088539903879
1	2625
1	34.71394
1	67.98
1	2916.666667
1	21.102935
1	10.01
1	1.431 %
1	1.574
1	0.1637819821785511
1	3.982
1	22.87
1	0.486
1	46.7777923612022
1	65.58
1	9.525
1	67.72
1	1.881 %
1	0.1026164173142205
1	0.15289999999999998
1	5.492
1	91.53
1	3750
1	60.69
1	0.669
1	4.23
1	63.67
1	3.793
1	4191.666667
1	0.17800000000000002
1	7.71
1	1650
1	6.406
1	18.9
1	83.8
1	1.637
1	46.8363517435918
1	3,104967356
1	0.08676
1	29.878
1	2,458320379
1	14.627
1	0.1450050451520489
1	48.6
1	4.094
1	0.141433924
1	6.074
1	0.036921961
1	35.04040351261405
1	5.717 %
1	72.02
1	49.354899
1	6.829 %
1	78.95
1	17.882
1	214
1	0.51 %
1	18.88
1	0.262
1	6.094
1	67.77
1	119.99
1	0.281 %
1	15.07
1	1.56
1	2.619
1	8.17
1	16.81754
1	0.10847360669549877
1	34.942
1	44.1681604136832
1	7.534
1	4.286
1	2.117
1	4.52 %
1	8.3
1	0.001727
1	1.1478
1	0.241
1	2458.333333
1	24.87
1	2991.666667
1	20.8097883078336
1	46.95952
1	7.872603
1	8.407
1	64.4
1	47.98
1	0.07254565746594578
1	35.29
1	3.893
1	4.987 %
1	4.698
1	0.215242185
1	1.765742095
1	59.82
1	4.112
1	4.10%
1	0.779
1	1.0278
1	58.7
1	35.930
1	2.654
1	3658.333333
1	46.801
1	0.000715
1	55.77
1	2.253
1	56.9
1	5.69
1	0.11320000000000001
1	24.213902
1	51.44
1	4.762
1	241.7 mg/kg
1	290.9 mg/kg
1	6.465
1	0.002118
1	8.144 %
1	43.444816
1	0.07485424966023176
1	2.11
1	26.366
1	5.28
1	8.4 C/kg
1	4.217
1	21.88
1	3.501
1	8.072
1	3.838 %
1	59.02
1	3,819634676
1	31.7
1	4.619
1	2.202
1	74.26
1	0.17620000000000002
1	4.916
1	10.405
1	51.3
1	20.99
1	44.0501930310256
1	0.843
1	3.663413
1	12275
1	4.716
1	46.68
1	4,835131645
1	3.352
1	0.001373
1	4.84039625
1	2.353
1	1.441
1	2.9%
1	19.585
1	0.954620499
1	0.07744403423250312
1	29.529949491994405
1	4.382
1	21.680
1	70.6
1	40.2
1	2616.666667
1	6.258581
1	111.52
1	89.10
1	0.0850439374504405
1	21.94
1	0.048697883831965244
1	61.7
1	39.539
1	0.49786
1	71.2
1	54.17
1	3.89
1	5.265
1	75.81
1	6.31
1	84.64
1	2,524815321
1	1.813
1	2.444
1	3.687 %
1	6.178
1	19.78
1	182.4
1	20.902
1	37.73
1	4.74
1	10.251
1	4.512
1	0.1851677693740188
1	158
1	0.59081
1	0.306
1	560
1	4.177 %
1	53.15
1	9.604
1	3.213
1	2850
1	16.19135
1	11450
1	66.4
1	0.16491685348763693
1	0.251526289
1	1.0088
1	15.2
1	1.477
1	0.054846018
1	1.412
1	0.047109656
1	4.805 %
1	0.09
1	3,684845
1	3.994
1	66.68
1	5.454
1	1.541
1	1.3635
1	3.80%
1	6,638182163
1	70.05
1	8.809
1	4.166
1	62.9
1	52.9
1	3.043
1	3,029887676
1	4.992 %
1	9.657
1	0.987
1	43.81
1	0.062058782
1	32.250
1	14.37
1	44.57093
1	0.205
1	0.09415691853067529
1	30.07
1	9.569
1	0.16469999999999999
1	84.69
1	19.169
1	36.7
1	37.169
1	53.58
1	2200
1	10366.66667
1	4.668
1	8.246
1	73.8
1	1.735
1	1.266
1	9.828
1	24.5
1	40.8
